D:\program\SC_Related\git_tag\atlas\common\src\main\java\org\apache\atlas\groovy\FieldExpression.java,24
D:\program\SC_Related\git_tag\atlas\repository\src\test\java\org\apache\atlas\repository\impexp\ZipSinkTest.java,92
D:\program\SC_Related\git_tag\atlas\intg\src\main\java\org\apache\atlas\listener\EntityChangeListenerV2.java,74
D:\program\SC_Related\git_tag\atlas\webapp\src\test\java\org\apache\atlas\web\listeners\LoginProcessorIT.java,58
D:\program\SC_Related\git_tag\atlas\intg\src\main\java\org\apache\atlas\model\instance\AtlasObjectId.java,36
D:\program\SC_Related\git_tag\atlas\repository\src\test\java\org\apache\atlas\repository\store\graph\v2\AtlasComplexAttributesTest.java,79
D:\program\SC_Related\git_tag\atlas\intg\src\main\java\org\apache\atlas\model\annotation\AtlasJSON.java,48
D:\program\SC_Related\git_tag\atlas\authorization\src\main\java\org\apache\atlas\authorize\AtlasAuthorizationUtils.java,39
D:\program\SC_Related\git_tag\atlas\repository\src\test\java\org\apache\atlas\repository\migration\HiveStocksTest.java,45
D:\program\SC_Related\git_tag\atlas\repository\src\test\java\org\apache\atlas\repository\impexp\ExportSkipLineageTest.java,72
D:\program\SC_Related\git_tag\atlas\addons\hive-bridge\src\test\java\org\apache\atlas\hive\hook\HiveHookIT.java,3
D:\program\SC_Related\git_tag\atlas\repository\src\main\java\org\apache\atlas\repository\store\graph\v2\ClassificationAssociator.java,102
D:\program\SC_Related\git_tag\atlas\graphdb\janus\src\main\java\org\apache\atlas\repository\graphdb\janus\graphson\AtlasElementPropertyConfig.java,33
D:\program\SC_Related\git_tag\atlas\addons\storm-bridge-shim\src\main\java\org\apache\atlas\storm\hook\StormAtlasHook.java,73
D:\program\SC_Related\git_tag\atlas\intg\src\main\java\org\apache\atlas\exception\AtlasBaseException.java,34
D:\program\SC_Related\git_tag\atlas\repository\src\main\java\org\apache\atlas\repository\ogm\profiles\AtlasUserProfileDTO.java,9
D:\program\SC_Related\git_tag\atlas\graphdb\api\src\main\java\org\apache\atlas\repository\graphdb\AtlasGraphTraversalSource.java,35
D:\program\SC_Related\git_tag\atlas\repository\src\main\java\org\apache\atlas\repository\impexp\ExportService.java,3
D:\program\SC_Related\git_tag\atlas\addons\falcon-bridge-shim\src\main\java\org\apache\atlas\falcon\service\AtlasService.java,73
D:\program\SC_Related\git_tag\atlas\notification\src\test\java\org\apache\atlas\kafka\KafkaNotificationTest.java,38
D:\program\SC_Related\git_tag\atlas\common\src\main\java\org\apache\atlas\utils\PropertiesUtil.java,46
D:\program\SC_Related\git_tag\atlas\addons\hive-bridge\src\main\java\org\apache\atlas\hive\hook\events\AlterTableRenameCol.java,9
D:\program\SC_Related\git_tag\atlas\webapp\src\main\java\org\apache\atlas\web\errors\AllExceptionMapper.java,75
D:\program\SC_Related\git_tag\atlas\addons\kafka-bridge\src\main\java\org\apache\atlas\kafka\bridge\KafkaBridge.java,43
D:\program\SC_Related\git_tag\atlas\repository\src\main\java\org\apache\atlas\repository\ogm\DataTransferObject.java,9
D:\program\SC_Related\git_tag\atlas\webapp\src\test\java\org\apache\atlas\web\service\ActiveInstanceStateTest.java,57
D:\program\SC_Related\git_tag\atlas\webapp\src\test\java\org\apache\atlas\web\filters\AuditFilterTest.java,108
D:\program\SC_Related\git_tag\atlas\intg\src\test\java\org\apache\atlas\type\TestAtlasStructType.java,18
D:\program\SC_Related\git_tag\atlas\authorization\src\main\java\org\apache\atlas\authorize\AtlasNoneAuthorizer.java,96
D:\program\SC_Related\git_tag\atlas\client\client-v1\src\main\java\org\apache\atlas\EntityAuditEvent.java,87
D:\program\SC_Related\git_tag\atlas\repository\src\main\java\org\apache\atlas\repository\audit\CassandraBasedAuditRepository.java,77
D:\program\SC_Related\git_tag\atlas\common\src\main\java\org\apache\atlas\groovy\VariableAssignmentExpression.java,24
D:\program\SC_Related\git_tag\atlas\webapp\src\main\java\org\apache\atlas\web\service\ActiveInstanceElectorService.java,40
D:\program\SC_Related\git_tag\atlas\repository\src\test\java\org\apache\atlas\repository\impexp\IncrementalExportEntityProviderTest.java,45
D:\program\SC_Related\git_tag\atlas\webapp\src\main\java\org\apache\atlas\web\service\ServiceState.java,22
D:\program\SC_Related\git_tag\atlas\intg\src\test\java\org\apache\atlas\ApplicationPropertiesTest.java,43
D:\program\SC_Related\git_tag\atlas\addons\hive-bridge\src\main\java\org\apache\atlas\hive\hook\events\AlterDatabase.java,23
D:\program\SC_Related\git_tag\atlas\repository\src\main\java\org\apache\atlas\repository\store\graph\v2\AtlasEntityDefStoreV2.java,107
D:\program\SC_Related\git_tag\atlas\intg\src\main\java\org\apache\atlas\v1\model\lineage\LineageResponse.java,55
D:\program\SC_Related\git_tag\atlas\intg\src\test\java\org\apache\atlas\type\TestAtlasBigIntegerType.java,16
D:\program\SC_Related\git_tag\atlas\webapp\src\main\java\org\apache\atlas\web\service\AtlasZookeeperSecurityProperties.java,2
D:\program\SC_Related\git_tag\atlas\graphdb\api\src\main\java\org\apache\atlas\repository\graphdb\AtlasVertexQuery.java,27
D:\program\SC_Related\git_tag\atlas\repository\src\main\java\org\apache\atlas\repository\graph\AtlasGraphProvider.java,82
D:\program\SC_Related\git_tag\atlas\client\client-v2\src\main\java\org\apache\atlas\AtlasClientV2.java,12
D:\program\SC_Related\git_tag\atlas\intg\src\main\java\org\apache\atlas\AtlasException.java,34
D:\program\SC_Related\git_tag\atlas\repository\src\test\java\org\apache\atlas\services\MetricsServiceTest.java,87
D:\program\SC_Related\git_tag\atlas\webapp\src\test\java\org\apache\atlas\web\integration\DataSetLineageJerseyResourceIT.java,3
D:\program\SC_Related\git_tag\atlas\repository\src\test\java\org\apache\atlas\repository\impexp\AtlasImportRequestTest.java,110
D:\program\SC_Related\git_tag\atlas\webapp\src\test\java\org\apache\atlas\web\setup\SetupStepsTest.java,2
D:\program\SC_Related\git_tag\atlas\authorization\src\main\java\org\apache\atlas\authorize\AtlasRelationshipAccessRequest.java,76
D:\program\SC_Related\git_tag\atlas\repository\src\main\java\org\apache\atlas\repository\store\graph\v2\BulkImporterImpl.java,51
D:\program\SC_Related\git_tag\atlas\intg\src\main\java\org\apache\atlas\listener\ChangedTypeDefs.java,31
D:\program\SC_Related\git_tag\atlas\webapp\src\main\java\org\apache\atlas\LocalServletRequest.java,108
D:\program\SC_Related\git_tag\atlas\repository\src\main\java\org\apache\atlas\repository\util\UniqueList.java,89
D:\program\SC_Related\git_tag\atlas\repository\src\test\java\org\apache\atlas\repository\impexp\ZipFileResourceTestUtils.java,72
D:\program\SC_Related\git_tag\atlas\common\src\main\java\org\apache\atlas\AtlasConstants.java,63
D:\program\SC_Related\git_tag\atlas\repository\src\main\java\org\apache\atlas\discovery\EntitySearchProcessor.java,50
D:\program\SC_Related\git_tag\atlas\intg\src\main\java\org\apache\atlas\model\impexp\AtlasExportResult.java,21
D:\program\SC_Related\git_tag\atlas\repository\src\main\java\org\apache\atlas\repository\store\graph\v2\IDBasedEntityResolver.java,102
D:\program\SC_Related\git_tag\atlas\intg\src\test\java\org\apache\atlas\security\InMemoryJAASConfigurationTicketBasedKafkaClientTest.java,58
D:\program\SC_Related\git_tag\atlas\webapp\src\main\java\org\apache\atlas\web\security\AtlasLdapAuthenticationProvider.java,105
D:\program\SC_Related\git_tag\atlas\repository\src\test\java\org\apache\atlas\repository\impexp\ExportImportTestBase.java,72
D:\program\SC_Related\git_tag\atlas\repository\src\test\java\org\apache\atlas\repository\migration\RelationshipCacheGeneratorTest.java,72
D:\program\SC_Related\git_tag\atlas\repository\src\main\java\org\apache\atlas\discovery\EntityLineageService.java,3
D:\program\SC_Related\git_tag\atlas\notification\src\main\java\org\apache\atlas\hook\AtlasHook.java,40
D:\program\SC_Related\git_tag\atlas\client\common\src\main\java\org\apache\atlas\AtlasServerEnsemble.java,110
D:\program\SC_Related\git_tag\atlas\repository\src\main\java\org\apache\atlas\query\DSLVisitor.java,20
D:\program\SC_Related\git_tag\atlas\repository\src\test\java\org\apache\atlas\repository\impexp\ImportTransformerJSONTest.java,91
D:\program\SC_Related\git_tag\atlas\addons\falcon-bridge\src\test\java\org\apache\atlas\falcon\hook\FalconHookIT.java,23
D:\program\SC_Related\git_tag\atlas\intg\src\test\java\org\apache\atlas\type\TestAtlasBuiltInTypesFloatDouble.java,60
D:\program\SC_Related\git_tag\atlas\repository\src\main\java\org\apache\atlas\query\antlr4\AtlasDSLLexer.java,4
D:\program\SC_Related\git_tag\atlas\repository\src\test\java\org\apache\atlas\repository\impexp\ImportTransformerTest.java,78
D:\program\SC_Related\git_tag\atlas\repository\src\test\java\org\apache\atlas\repository\store\graph\v2\AtlasRelationshipDefStoreV2Test.java,86
D:\program\SC_Related\git_tag\atlas\repository\src\main\java\org\apache\atlas\repository\audit\NoopEntityAuditRepository.java,28
D:\program\SC_Related\git_tag\atlas\repository\src\test\java\org\apache\atlas\repository\migration\TypesDefScrubberTest.java,42
D:\program\SC_Related\git_tag\atlas\intg\src\main\java\org\apache\atlas\entitytransform\TransformerContext.java,42
D:\program\SC_Related\git_tag\atlas\intg\src\main\java\org\apache\atlas\model\lineage\AtlasLineageInfo.java,55
D:\program\SC_Related\git_tag\atlas\repository\src\main\java\org\apache\atlas\services\MetricsService.java,9
D:\program\SC_Related\git_tag\atlas\authorization\src\main\java\org\apache\atlas\authorize\AtlasAuthorizer.java,96
D:\program\SC_Related\git_tag\atlas\webapp\src\test\java\org\apache\atlas\notification\AdaptiveWaiterTest.java,6
D:\program\SC_Related\git_tag\atlas\webapp\src\main\java\org\apache\atlas\web\util\AtlasJsonProvider.java,97
D:\program\SC_Related\git_tag\atlas\graphdb\common\src\main\java\org\apache\atlas\repository\graphdb\tinkerpop\query\TinkerpopGraphQuery.java,27
D:\program\SC_Related\git_tag\atlas\webapp\src\test\java\org\apache\atlas\web\integration\AdminJerseyResourceIT.java,100
D:\program\SC_Related\git_tag\atlas\graphdb\janus\src\test\java\org\apache\atlas\repository\graphdb\janus\migration\ReaderStatusManagerTest.java,75
D:\program\SC_Related\git_tag\atlas\common\src\main\java\org\apache\atlas\groovy\ListExpression.java,24
D:\program\SC_Related\git_tag\atlas\graphdb\janus\src\main\java\org\apache\atlas\repository\graphdb\janus\serializer\BigDecimalSerializer.java,104
D:\program\SC_Related\git_tag\atlas\common\src\main\java\org\apache\atlas\groovy\TraversalStepType.java,35
D:\program\SC_Related\git_tag\atlas\repository\src\test\java\org\apache\atlas\repository\migration\MigrationBaseAsserts.java,72
D:\program\SC_Related\git_tag\atlas\notification\src\main\java\org\apache\atlas\hook\AtlasHookException.java,34
D:\program\SC_Related\git_tag\atlas\repository\src\main\java\org\apache\atlas\util\AtlasGremlin2QueryProvider.java,98
D:\program\SC_Related\git_tag\atlas\intg\src\main\java\org\apache\atlas\AtlasConfiguration.java,43
D:\program\SC_Related\git_tag\atlas\common\src\main\java\org\apache\atlas\groovy\IdentifierExpression.java,11
D:\program\SC_Related\git_tag\atlas\intg\src\main\java\org\apache\atlas\model\glossary\AtlasGlossaryCategory.java,32
D:\program\SC_Related\git_tag\atlas\server-api\src\main\java\org\apache\atlas\setup\SetupStep.java,10
D:\program\SC_Related\git_tag\atlas\graphdb\janus\src\main\java\org\apache\atlas\repository\graphdb\janus\AtlasJanusVertex.java,33
D:\program\SC_Related\git_tag\atlas\graphdb\common\src\main\java\org\apache\atlas\repository\graphdb\tinkerpop\query\expr\InPredicate.java,20
D:\program\SC_Related\git_tag\atlas\intg\src\main\java\org\apache\atlas\ApplicationProperties.java,43
D:\program\SC_Related\git_tag\atlas\graphdb\api\src\main\java\org\apache\atlas\repository\graphdb\AtlasGraph.java,50
D:\program\SC_Related\git_tag\atlas\webapp\src\main\java\org\apache\atlas\notification\NotificationHookConsumer.java,12
D:\program\SC_Related\git_tag\atlas\webapp\src\test\java\org\apache\atlas\examples\QuickStartV2IT.java,100
D:\program\SC_Related\git_tag\atlas\webapp\src\main\java\org\apache\atlas\web\filters\AtlasAuthenticationEntryPoint.java,39
D:\program\SC_Related\git_tag\atlas\repository\src\test\java\org\apache\atlas\repository\store\graph\AtlasTypeDefGraphStoreTest.java,107
D:\program\SC_Related\git_tag\atlas\graphdb\janus\src\main\java\org\apache\atlas\repository\graphdb\janus\serializer\TypeCategorySerializer.java,104
D:\program\SC_Related\git_tag\atlas\intg\src\main\java\org\apache\atlas\model\glossary\enums\AtlasTermAssignmentStatus.java,49
D:\program\SC_Related\git_tag\atlas\webapp\src\main\java\org\apache\atlas\web\rest\EntityREST.java,53
D:\program\SC_Related\git_tag\atlas\repository\src\test\java\org\apache\atlas\utils\TestResourceFileUtils.java,63
D:\program\SC_Related\git_tag\atlas\webapp\src\main\java\org\apache\atlas\web\security\AtlasAuthenticationSuccessHandler.java,39
D:\program\SC_Related\git_tag\atlas\repository\src\main\java\org\apache\atlas\discovery\TermSearchProcessor.java,53
D:\program\SC_Related\git_tag\atlas\plugin-classloader\src\main\java\org\apache\atlas\plugin\classloader\AtlasPluginClassLoaderUtil.java,63
D:\program\SC_Related\git_tag\atlas\repository\src\main\java\org\apache\atlas\repository\migration\DataMigrationService.java,45
D:\program\SC_Related\git_tag\atlas\repository\src\main\java\org\apache\atlas\repository\impexp\HdfsPathEntityCreator.java,63
D:\program\SC_Related\git_tag\atlas\repository\src\main\java\org\apache\atlas\repository\store\graph\v2\AtlasEntityStreamForImport.java,9
D:\program\SC_Related\git_tag\atlas\repository\src\main\java\org\apache\atlas\repository\store\graph\AtlasRelationshipStore.java,33
D:\program\SC_Related\git_tag\atlas\client\client-v1\src\test\java\org\apache\atlas\AtlasClientTest.java,57
D:\program\SC_Related\git_tag\atlas\intg\src\main\java\org\apache\atlas\model\instance\GuidMapping.java,5
D:\program\SC_Related\git_tag\atlas\addons\hive-bridge\src\main\java\org\apache\atlas\hive\hook\events\AlterTable.java,23
D:\program\SC_Related\git_tag\atlas\intg\src\main\java\org\apache\atlas\model\typedef\AtlasStructDef.java,36
D:\program\SC_Related\git_tag\atlas\repository\src\main\java\org\apache\atlas\repository\store\graph\v2\AtlasAbstractDefStoreV2.java,19
D:\program\SC_Related\git_tag\atlas\addons\falcon-bridge\src\main\java\org\apache\atlas\falcon\model\FalconDataTypes.java,61
D:\program\SC_Related\git_tag\atlas\repository\src\test\java\org\apache\atlas\repository\impexp\ExportServiceTest.java,100
D:\program\SC_Related\git_tag\atlas\webapp\src\test\java\org\apache\atlas\web\integration\BasicSearchIT.java,100
D:\program\SC_Related\git_tag\atlas\graphdb\janus\src\test\java\org\apache\atlas\repository\graphdb\janus\migration\WorkItemManagerTest.java,77
D:\program\SC_Related\git_tag\atlas\intg\src\test\java\org\apache\atlas\type\TestAtlasFloatType.java,16
D:\program\SC_Related\git_tag\atlas\webapp\src\test\java\org\apache\atlas\web\integration\EntityJerseyResourceIT.java,3
D:\program\SC_Related\git_tag\atlas\addons\hive-bridge\src\main\java\org\apache\atlas\hive\hook\events\BaseHiveEvent.java,3
D:\program\SC_Related\git_tag\atlas\common\src\main\java\org\apache\atlas\service\Services.java,30
D:\program\SC_Related\git_tag\atlas\graphdb\common\src\main\java\org\apache\atlas\repository\graphdb\tinkerpop\query\expr\OrCondition.java,98
D:\program\SC_Related\git_tag\atlas\addons\hive-bridge\src\main\java\org\apache\atlas\hive\hook\events\DropTable.java,80
D:\program\SC_Related\git_tag\atlas\intg\src\main\java\org\apache\atlas\type\AtlasTypeRegistry.java,107
D:\program\SC_Related\git_tag\atlas\intg\src\main\java\org\apache\atlas\type\AtlasEnumType.java,18
D:\program\SC_Related\git_tag\atlas\repository\src\test\java\org\apache\atlas\repository\store\graph\v2\InverseReferenceUpdateHardDeleteV2Test.java,79
D:\program\SC_Related\git_tag\atlas\notification\src\main\java\org\apache\atlas\notification\NotificationException.java,93
D:\program\SC_Related\git_tag\atlas\repository\src\main\java\org\apache\atlas\query\AtlasDSL.java,75
D:\program\SC_Related\git_tag\atlas\webapp\src\main\java\org\apache\atlas\web\rest\RelationshipREST.java,54
D:\program\SC_Related\git_tag\atlas\addons\falcon-bridge\src\main\java\org\apache\atlas\falcon\publisher\FalconEventPublisher.java,61
D:\program\SC_Related\git_tag\atlas\intg\src\test\java\org\apache\atlas\type\TestAtlasObjectIdType.java,16
D:\program\SC_Related\git_tag\atlas\common\src\main\java\org\apache\atlas\service\Service.java,29
D:\program\SC_Related\git_tag\atlas\graphdb\janus\src\main\java\org\apache\atlas\repository\graphdb\janus\AtlasJanusVertexQuery.java,33
D:\program\SC_Related\git_tag\atlas\repository\src\main\java\org\apache\atlas\repository\store\graph\v2\InMemoryMapEntityStream.java,41
D:\program\SC_Related\git_tag\atlas\graphdb\api\src\main\java\org\apache\atlas\repository\graphdb\AtlasEdgeDirection.java,35
D:\program\SC_Related\git_tag\atlas\intg\src\main\java\org\apache\atlas\model\typedef\AtlasRelationshipDef.java,86
D:\program\SC_Related\git_tag\atlas\repository\src\main\java\org\apache\atlas\util\AtlasRepositoryConfiguration.java,57
D:\program\SC_Related\git_tag\atlas\webapp\src\main\java\org\apache\atlas\notification\preprocessor\RdbmsPreprocessor.java,103
D:\program\SC_Related\git_tag\atlas\repository\src\main\java\org\apache\atlas\repository\converters\TypeConverterUtil.java,69
D:\program\SC_Related\git_tag\atlas\common\src\main\java\org\apache\atlas\groovy\LabeledExpression.java,70
D:\program\SC_Related\git_tag\atlas\notification\src\main\java\org\apache\atlas\notification\SplitMessageAggregator.java,17
D:\program\SC_Related\git_tag\atlas\repository\src\test\java\org\apache\atlas\repository\impexp\ExportImportAuditServiceTest.java,87
D:\program\SC_Related\git_tag\atlas\common\src\main\java\org\apache\atlas\utils\OnAtlasPropertyCondition.java,8
D:\program\SC_Related\git_tag\atlas\repository\src\test\java\org\apache\atlas\repository\impexp\ImportServiceTest.java,72
D:\program\SC_Related\git_tag\atlas\repository\src\main\java\org\apache\atlas\discovery\FullTextSearchProcessor.java,50
D:\program\SC_Related\git_tag\atlas\repository\src\main\java\org\apache\atlas\util\SearchPredicateUtil.java,20
D:\program\SC_Related\git_tag\atlas\graphdb\janus\src\main\java\org\apache\atlas\repository\graphdb\janus\AtlasJanusEdgeLabel.java,44
D:\program\SC_Related\git_tag\atlas\intg\src\main\java\org\apache\atlas\model\glossary\relations\AtlasRelatedTermHeader.java,71
D:\program\SC_Related\git_tag\atlas\intg\src\main\java\org\apache\atlas\model\metrics\AtlasMetrics.java,55
D:\program\SC_Related\git_tag\atlas\addons\hive-bridge\src\test\java\org\apache\atlas\hive\HiveITBase.java,3
D:\program\SC_Related\git_tag\atlas\intg\src\test\java\org\apache\atlas\TestRelationshipUtilsV2.java,86
D:\program\SC_Related\git_tag\atlas\webapp\src\test\java\org\apache\atlas\AtlasIT.java,8
D:\program\SC_Related\git_tag\atlas\intg\src\main\java\org\apache\atlas\security\SecurityProperties.java,83
D:\program\SC_Related\git_tag\atlas\webapp\src\main\java\org\apache\atlas\web\security\UserAuthorityGranter.java,105
D:\program\SC_Related\git_tag\atlas\repository\src\test\java\org\apache\atlas\repository\migration\TypesWithCollectionsFinderTest.java,72
D:\program\SC_Related\git_tag\atlas\graphdb\janus\src\main\java\org\apache\atlas\repository\graphdb\janus\migration\MappedElementCache.java,33
D:\program\SC_Related\git_tag\atlas\repository\src\main\java\org\apache\atlas\repository\ogm\profiles\AtlasSavedSearchDTO.java,109
D:\program\SC_Related\git_tag\atlas\repository\src\main\java\org\apache\atlas\query\antlr4\AtlasDSLParserBaseVisitor.java,99
D:\program\SC_Related\git_tag\atlas\graphdb\janus\src\main\java\org\apache\atlas\repository\graphdb\janus\migration\JsonNodeParsers.java,11
D:\program\SC_Related\git_tag\atlas\intg\src\main\java\org\apache\atlas\v1\model\typedef\StructTypeDefinition.java,5
D:\program\SC_Related\git_tag\atlas\repository\src\main\java\org\apache\atlas\repository\ogm\glossary\AtlasGlossaryCategoryDTO.java,0
D:\program\SC_Related\git_tag\atlas\intg\src\main\java\org\apache\atlas\entitytransform\Action.java,37
D:\program\SC_Related\git_tag\atlas\intg\src\test\java\org\apache\atlas\type\TestAtlasRelationshipType.java,86
D:\program\SC_Related\git_tag\atlas\webapp\src\main\java\org\apache\atlas\web\security\AtlasADAuthenticationProvider.java,64
D:\program\SC_Related\git_tag\atlas\common\src\main\java\org\apache\atlas\groovy\StatementListExpression.java,24
D:\program\SC_Related\git_tag\atlas\client\common\src\main\java\org\apache\atlas\AtlasBaseClient.java,57
D:\program\SC_Related\git_tag\atlas\repository\src\main\java\org\apache\atlas\query\Lookup.java,11
D:\program\SC_Related\git_tag\atlas\graphdb\janus\src\main\java\org\apache\atlas\repository\graphdb\janus\AtlasJanusObjectFactory.java,33
D:\program\SC_Related\git_tag\atlas\repository\src\main\java\org\apache\atlas\repository\ogm\ExportImportAuditEntryDTO.java,87
D:\program\SC_Related\git_tag\atlas\intg\src\main\java\org\apache\atlas\model\TimeBoundary.java,95
D:\program\SC_Related\git_tag\atlas\webapp\src\test\java\org\apache\atlas\web\resources\EntityResourceTest.java,75
D:\program\SC_Related\git_tag\atlas\server-api\src\main\java\org\apache\atlas\RequestContext.java,12
D:\program\SC_Related\git_tag\atlas\repository\src\test\java\org\apache\atlas\query\DSLQueriesTest.java,100
D:\program\SC_Related\git_tag\atlas\repository\src\main\java\org\apache\atlas\repository\store\graph\v2\AtlasRelationshipDefStoreV2.java,86
D:\program\SC_Related\git_tag\atlas\graphdb\janus\src\test\java\org\apache\atlas\repository\graphdb\janus\migration\PostProcessListPropertyTest.java,100
D:\program\SC_Related\git_tag\atlas\repository\src\main\java\org\apache\atlas\discovery\SearchContext.java,50
D:\program\SC_Related\git_tag\atlas\repository\src\main\java\org\apache\atlas\repository\store\graph\v2\EntityMutationContext.java,9
D:\program\SC_Related\git_tag\atlas\repository\src\main\java\org\apache\atlas\repository\graph\FullTextMapperV2.java,102
D:\program\SC_Related\git_tag\atlas\server-api\src\main\java\org\apache\atlas\listener\ActiveStateChangeHandler.java,62
D:\program\SC_Related\git_tag\atlas\notification\src\main\java\org\apache\atlas\kafka\NotificationProvider.java,106
D:\program\SC_Related\git_tag\atlas\repository\src\main\java\org\apache\atlas\repository\impexp\ImportTypeDefProcessor.java,107
D:\program\SC_Related\git_tag\atlas\repository\src\main\java\org\apache\atlas\repository\store\graph\v2\AtlasStructDefStoreV2.java,36
D:\program\SC_Related\git_tag\atlas\repository\src\main\java\org\apache\atlas\repository\converters\AtlasEntityFormatConverter.java,36
D:\program\SC_Related\git_tag\atlas\intg\src\main\java\org\apache\atlas\model\instance\ClassificationAssociateRequest.java,5
D:\program\SC_Related\git_tag\atlas\webapp\src\main\java\org\apache\atlas\notification\NotificationEntityChangeListener.java,102
D:\program\SC_Related\git_tag\atlas\repository\src\test\java\org\apache\atlas\repository\migration\PathTest.java,45
D:\program\SC_Related\git_tag\atlas\intg\src\main\java\org\apache\atlas\model\SearchFilter.java,37
D:\program\SC_Related\git_tag\atlas\addons\hive-bridge-shim\src\main\java\org\apache\atlas\hive\hook\HiveHook.java,73
D:\program\SC_Related\git_tag\atlas\common\src\main\java\org\apache\atlas\groovy\ClosureExpression.java,78
D:\program\SC_Related\git_tag\atlas\intg\src\main\java\org\apache\atlas\v1\model\instance\Referenceable.java,81
D:\program\SC_Related\git_tag\atlas\intg\src\main\java\org\apache\atlas\model\glossary\AtlasGlossaryTerm.java,32
D:\program\SC_Related\git_tag\atlas\repository\src\main\java\org\apache\atlas\repository\store\graph\EntityGraphDiscoveryContext.java,44
D:\program\SC_Related\git_tag\atlas\repository\src\main\java\org\apache\atlas\query\GremlinQueryComposer.java,50
D:\program\SC_Related\git_tag\atlas\common\src\main\java\org\apache\atlas\utils\HdfsNameServiceResolver.java,43
D:\program\SC_Related\git_tag\atlas\intg\src\main\java\org\apache\atlas\model\glossary\relations\AtlasTermAssignmentHeader.java,71
D:\program\SC_Related\git_tag\atlas\graphdb\api\src\main\java\org\apache\atlas\repository\graphdb\AtlasIndexQuery.java,27
D:\program\SC_Related\git_tag\atlas\repository\src\test\java\org\apache\atlas\repository\impexp\ZipSourceTest.java,92
D:\program\SC_Related\git_tag\atlas\test-tools\src\main\java\org\apache\atlas\runner\LocalSolrRunner.java,43
D:\program\SC_Related\git_tag\atlas\intg\src\main\java\org\apache\atlas\v1\model\lineage\DataSetLineageResponse.java,55
D:\program\SC_Related\git_tag\atlas\authorization\src\main\java\org\apache\atlas\authorize\simple\AtlasSimpleAuthzPolicy.java,62
D:\program\SC_Related\git_tag\atlas\intg\src\main\java\org\apache\atlas\type\AtlasArrayType.java,16
D:\program\SC_Related\git_tag\atlas\intg\src\main\java\org\apache\atlas\type\AtlasEntityType.java,36
D:\program\SC_Related\git_tag\atlas\webapp\src\main\java\org\apache\atlas\web\security\AtlasAuthenticationException.java,64
D:\program\SC_Related\git_tag\atlas\graphdb\janus\src\main\java\org\apache\atlas\repository\graphdb\janus\graphson\AtlasGraphSONMode.java,4
D:\program\SC_Related\git_tag\atlas\webapp\src\test\java\org\apache\atlas\web\util\ServletsTest.java,75
D:\program\SC_Related\git_tag\atlas\repository\src\main\java\org\apache\atlas\repository\ogm\glossary\AbstractGlossaryDTO.java,32
D:\program\SC_Related\git_tag\atlas\addons\hbase-bridge\src\main\java\org\apache\atlas\hbase\model\HBaseOperationContext.java,13
D:\program\SC_Related\git_tag\atlas\webapp\src\main\java\org\apache\atlas\examples\QuickStart.java,3
D:\program\SC_Related\git_tag\atlas\repository\src\main\java\org\apache\atlas\glossary\GlossaryCategoryUtils.java,0
D:\program\SC_Related\git_tag\atlas\addons\storm-bridge\src\main\java\org\apache\atlas\storm\hook\StormTopologyUtil.java,37
D:\program\SC_Related\git_tag\atlas\intg\src\main\java\org\apache\atlas\v1\model\instance\Struct.java,21
D:\program\SC_Related\git_tag\atlas\webapp\src\main\java\org\apache\atlas\web\service\CuratorFactory.java,2
D:\program\SC_Related\git_tag\atlas\graphdb\api\src\main\java\org\apache\atlas\repository\graphdb\AtlasEdgeLabel.java,88
D:\program\SC_Related\git_tag\atlas\webapp\src\test\java\org\apache\atlas\web\resources\AdminExportImportTestIT.java,100
D:\program\SC_Related\git_tag\atlas\repository\src\main\java\org\apache\atlas\repository\converters\AtlasEnumFormatConverter.java,18
D:\program\SC_Related\git_tag\atlas\intg\src\main\java\org\apache\atlas\v1\model\typedef\TraitTypeDefinition.java,55
D:\program\SC_Related\git_tag\atlas\webapp\src\main\java\org\apache\atlas\web\resources\LineageResource.java,53
D:\program\SC_Related\git_tag\atlas\intg\src\main\java\org\apache\atlas\AtlasErrorCode.java,19
D:\program\SC_Related\git_tag\atlas\graphdb\janus\src\main\java\org\apache\atlas\repository\graphdb\janus\AtlasJanusGraphIndex.java,89
D:\program\SC_Related\git_tag\atlas\intg\src\main\java\org\apache\atlas\model\discovery\SearchParameters.java,50
D:\program\SC_Related\git_tag\atlas\intg\src\main\java\org\apache\atlas\model\glossary\relations\AtlasTermCategorizationHeader.java,71
D:\program\SC_Related\git_tag\atlas\intg\src\main\java\org\apache\atlas\model\impexp\AtlasExportRequest.java,5
D:\program\SC_Related\git_tag\atlas\repository\src\main\java\org\apache\atlas\repository\store\graph\v2\EntityImportStream.java,9
D:\program\SC_Related\git_tag\atlas\repository\src\main\java\org\apache\atlas\repository\ogm\AtlasServerDTO.java,102
D:\program\SC_Related\git_tag\atlas\intg\src\main\java\org\apache\atlas\model\typedef\AtlasEntityDef.java,36
D:\program\SC_Related\git_tag\atlas\intg\src\main\java\org\apache\atlas\model\impexp\AtlasServer.java,110
D:\program\SC_Related\git_tag\atlas\graphdb\janus\src\test\java\org\apache\atlas\repository\graphdb\janus\AtlasJanusDatabaseTest.java,14
D:\program\SC_Related\git_tag\atlas\repository\src\test\java\org\apache\atlas\repository\store\graph\v2\InverseReferenceUpdateSoftDeleteV2Test.java,79
D:\program\SC_Related\git_tag\atlas\notification\src\test\java\org\apache\atlas\notification\AbstractNotificationTest.java,97
D:\program\SC_Related\git_tag\atlas\repository\src\main\java\org\apache\atlas\repository\store\graph\AtlasDefStore.java,11
D:\program\SC_Related\git_tag\atlas\graphdb\janus\src\main\java\org\apache\atlas\repository\graphdb\janus\migration\pc\WorkItemManager.java,82
D:\program\SC_Related\git_tag\atlas\authorization\src\main\java\org\apache\atlas\authorize\simple\AtlasSimpleAuthzUpdateTool.java,62
D:\program\SC_Related\git_tag\atlas\common\src\main\java\org\apache\atlas\utils\AtlasPerfMetrics.java,66
D:\program\SC_Related\git_tag\atlas\graphdb\common\src\main\java\org\apache\atlas\repository\graphdb\tinkerpop\query\expr\QueryPredicate.java,20
D:\program\SC_Related\git_tag\atlas\graphdb\janus\src\main\java\org\apache\atlas\repository\graphdb\janus\AtlasJanusIndexQuery.java,33
D:\program\SC_Related\git_tag\atlas\webapp\src\test\java\org\apache\atlas\web\security\BaseSecurityTest.java,58
D:\program\SC_Related\git_tag\atlas\intg\src\main\java\org\apache\atlas\entitytransform\Condition.java,78
D:\program\SC_Related\git_tag\atlas\graphdb\janus\src\test\java\org\apache\atlas\repository\graphdb\janus\migration\GraphSONUtilityTest.java,14
D:\program\SC_Related\git_tag\atlas\repository\src\main\java\org\apache\atlas\repository\store\graph\v2\AtlasEnumDefStoreV2.java,69
D:\program\SC_Related\git_tag\atlas\webapp\src\test\java\org\apache\atlas\util\RestUtilsTest.java,107
D:\program\SC_Related\git_tag\atlas\webapp\src\test\java\org\apache\atlas\web\service\SecureEmbeddedServerTestBase.java,58
D:\program\SC_Related\git_tag\atlas\intg\src\main\java\org\apache\atlas\model\impexp\AttributeTransform.java,5
D:\program\SC_Related\git_tag\atlas\repository\src\test\java\org\apache\atlas\repository\userprofile\UserProfileServiceTest.java,56
D:\program\SC_Related\git_tag\atlas\notification\src\main\java\org\apache\atlas\kafka\AtlasKafkaConsumer.java,38
D:\program\SC_Related\git_tag\atlas\common\src\main\java\org\apache\atlas\utils\SHA256Utils.java,101
D:\program\SC_Related\git_tag\atlas\intg\src\test\java\org\apache\atlas\type\TestAtlasDoubleType.java,16
D:\program\SC_Related\git_tag\atlas\graphdb\janus\src\main\java\org\apache\atlas\repository\graphdb\janus\query\AtlasJanusGraphQuery.java,88
D:\program\SC_Related\git_tag\atlas\repository\src\main\java\org\apache\atlas\repository\ogm\DTORegistry.java,60
D:\program\SC_Related\git_tag\atlas\graphdb\janus\src\main\java\org\apache\atlas\repository\graphdb\janus\migration\JsonNodeProcessManager.java,77
D:\program\SC_Related\git_tag\atlas\authorization\src\main\java\org\apache\atlas\authorize\AtlasTypeAccessRequest.java,2
D:\program\SC_Related\git_tag\atlas\addons\kafka-bridge\src\main\java\org\apache\atlas\kafka\model\KafkaDataTypes.java,67
D:\program\SC_Related\git_tag\atlas\notification\src\main\java\org\apache\atlas\notification\IncompatibleVersionException.java,26
D:\program\SC_Related\git_tag\atlas\repository\src\test\java\org\apache\atlas\repository\audit\InMemoryAuditRepositoryTest.java,6
D:\program\SC_Related\git_tag\atlas\intg\src\test\java\org\apache\atlas\model\typedef\TestAtlasRelationshipDef.java,86
D:\program\SC_Related\git_tag\atlas\intg\src\main\java\org\apache\atlas\model\instance\AtlasRelatedObjectId.java,71
D:\program\SC_Related\git_tag\atlas\addons\falcon-bridge\src\main\java\org\apache\atlas\falcon\bridge\FalconBridge.java,23
D:\program\SC_Related\git_tag\atlas\intg\src\main\java\org\apache\atlas\model\typedef\AtlasClassificationDef.java,37
D:\program\SC_Related\git_tag\atlas\intg\src\main\java\org\apache\atlas\model\typedef\AtlasRelationshipEndDef.java,89
D:\program\SC_Related\git_tag\atlas\intg\src\main\java\org\apache\atlas\v1\model\discovery\FullTextSearchResult.java,21
D:\program\SC_Related\git_tag\atlas\repository\src\main\java\org\apache\atlas\discovery\SearchProcessor.java,50
D:\program\SC_Related\git_tag\atlas\repository\src\main\java\org\apache\atlas\repository\audit\InMemoryEntityAuditRepository.java,28
D:\program\SC_Related\git_tag\atlas\intg\src\main\java\org\apache\atlas\entitytransform\HiveColumnEntityHandler.java,84
D:\program\SC_Related\git_tag\atlas\graphdb\janus\src\main\java\org\apache\atlas\repository\graphdb\janus\migration\pc\WorkItemBuilder.java,6
D:\program\SC_Related\git_tag\atlas\repository\src\main\java\org\apache\atlas\repository\IndexException.java,34
D:\program\SC_Related\git_tag\atlas\tools\classification-updater\src\main\java\org\apache\atlas\tools\BulkFetchAndUpdate.java,43
D:\program\SC_Related\git_tag\atlas\repository\src\main\java\org\apache\atlas\repository\audit\EntityAuditRepository.java,28
D:\program\SC_Related\git_tag\atlas\webapp\src\main\java\org\apache\atlas\web\listeners\LoginProcessor.java,15
D:\program\SC_Related\git_tag\atlas\webapp\src\main\java\org\apache\atlas\web\security\AtlasAuthenticationFailureHandler.java,39
D:\program\SC_Related\git_tag\atlas\intg\src\main\java\org\apache\atlas\model\impexp\MigrationStatus.java,5
D:\program\SC_Related\git_tag\atlas\webapp\src\test\java\org\apache\atlas\web\filters\AtlasAuthenticationSimpleFilterIT.java,58
D:\program\SC_Related\git_tag\atlas\intg\src\main\java\org\apache\atlas\v1\typesystem\types\utils\TypesUtil.java,69
D:\program\SC_Related\git_tag\atlas\client\common\src\main\java\org\apache\atlas\AtlasServiceException.java,22
D:\program\SC_Related\git_tag\atlas\graphdb\janus\src\main\java\org\apache\atlas\repository\graphdb\janus\query\NativeJanusGraphQuery.java,27
D:\program\SC_Related\git_tag\atlas\addons\hive-bridge\src\main\java\org\apache\atlas\hive\hook\AtlasHiveHookContext.java,23
D:\program\SC_Related\git_tag\atlas\graphdb\janus\src\main\java\org\apache\atlas\repository\graphdb\janus\migration\PostProcessManager.java,77
D:\program\SC_Related\git_tag\atlas\repository\src\test\java\org\apache\atlas\repository\store\graph\v2\AtlasRelationshipStoreV2Test.java,102
D:\program\SC_Related\git_tag\atlas\graphdb\api\src\main\java\org\apache\atlas\repository\graphdb\AtlasPropertyKey.java,31
D:\program\SC_Related\git_tag\atlas\webapp\src\main\java\org\apache\atlas\web\filters\ActiveServerFilter.java,108
D:\program\SC_Related\git_tag\atlas\repository\src\main\java\org\apache\atlas\repository\graph\IAtlasGraphProvider.java,6
D:\program\SC_Related\git_tag\atlas\repository\src\test\java\org\apache\atlas\utils\ObjectUpdateSynchronizerTest.java,51
D:\program\SC_Related\git_tag\atlas\intg\src\main\java\org\apache\atlas\model\notification\AtlasNotificationBaseMessage.java,17
D:\program\SC_Related\git_tag\atlas\repository\src\test\java\org\apache\atlas\repository\store\graph\v2\AtlasEntityStoreV2Test.java,102
D:\program\SC_Related\git_tag\atlas\notification\src\test\java\org\apache\atlas\notification\entity\EntityNotificationTest.java,81
D:\program\SC_Related\git_tag\atlas\addons\hbase-bridge\src\main\java\org\apache\atlas\hbase\hook\HBaseAtlasCoprocessorBase.java,30
D:\program\SC_Related\git_tag\atlas\repository\src\main\java\org\apache\atlas\repository\store\graph\v2\EntityGraphMapper.java,36
D:\program\SC_Related\git_tag\atlas\webapp\src\main\java\org\apache\atlas\web\resources\EntityResource.java,12
D:\program\SC_Related\git_tag\atlas\intg\src\main\java\org\apache\atlas\model\profile\AtlasUserProfile.java,109
D:\program\SC_Related\git_tag\atlas\webapp\src\main\java\org\apache\atlas\web\filters\SSOAuthenticationProperties.java,83
D:\program\SC_Related\git_tag\atlas\plugin-classloader\src\test\java\org\apache\atlas\plugin\classloader\AtlasPluginClassLoaderTest.java,73
D:\program\SC_Related\git_tag\atlas\webapp\src\main\java\org\apache\atlas\web\service\EmbeddedServer.java,15
D:\program\SC_Related\git_tag\atlas\server-api\src\main\java\org\apache\atlas\exception\EntityNotFoundException.java,34
D:\program\SC_Related\git_tag\atlas\graphdb\api\src\main\java\org\apache\atlas\repository\graphdb\AtlasElement.java,78
D:\program\SC_Related\git_tag\atlas\authorization\src\main\java\org\apache\atlas\authorize\AtlasAccessRequest.java,76
D:\program\SC_Related\git_tag\atlas\client\client-v1\src\main\java\org\apache\atlas\AtlasAdminClient.java,58
D:\program\SC_Related\git_tag\atlas\graphdb\janus\src\main\java\org\apache\atlas\repository\graphdb\janus\AtlasJanusGraphTraversal.java,14
D:\program\SC_Related\git_tag\atlas\graphdb\common\src\main\java\org\apache\atlas\repository\graphdb\tinkerpop\query\NativeTinkerpopGraphQuery.java,27
D:\program\SC_Related\git_tag\atlas\common\src\main\java\org\apache\atlas\groovy\BinaryExpression.java,24
D:\program\SC_Related\git_tag\atlas\webapp\src\test\java\org\apache\atlas\web\security\SSLTest.java,58
D:\program\SC_Related\git_tag\atlas\webapp\src\main\java\org\apache\atlas\web\params\BooleanParam.java,78
D:\program\SC_Related\git_tag\atlas\webapp\src\test\java\org\apache\atlas\notification\EntityNotificationIT.java,81
D:\program\SC_Related\git_tag\atlas\repository\src\main\java\org\apache\atlas\discovery\SearchIndexer.java,31
D:\program\SC_Related\git_tag\atlas\intg\src\main\java\org\apache\atlas\type\AtlasClassificationType.java,37
D:\program\SC_Related\git_tag\atlas\repository\src\main\java\org\apache\atlas\util\SearchTracker.java,6
D:\program\SC_Related\git_tag\atlas\notification\src\test\java\org\apache\atlas\hook\AtlasTopicCreatorTest.java,22
D:\program\SC_Related\git_tag\atlas\repository\src\main\java\org\apache\atlas\repository\ogm\DataAccess.java,53
D:\program\SC_Related\git_tag\atlas\repository\src\test\java\org\apache\atlas\repository\impexp\ExportIncrementalTest.java,100
D:\program\SC_Related\git_tag\atlas\addons\hive-bridge\src\main\java\org\apache\atlas\hive\hook\events\CreateHiveProcess.java,80
D:\program\SC_Related\git_tag\atlas\repository\src\main\java\org\apache\atlas\repository\util\FilterUtil.java,20
D:\program\SC_Related\git_tag\atlas\graphdb\janus\src\test\java\org\apache\atlas\repository\graphdb\janus\migration\MappedElementCacheTest.java,41
D:\program\SC_Related\git_tag\atlas\repository\src\main\java\org\apache\atlas\repository\store\graph\v1\DeleteHandlerDelegate.java,41
D:\program\SC_Related\git_tag\atlas\repository\src\main\java\org\apache\atlas\repository\impexp\MigrationProgressService.java,82
D:\program\SC_Related\git_tag\atlas\addons\hive-bridge\src\main\java\org\apache\atlas\hive\hook\events\CreateDatabase.java,80
D:\program\SC_Related\git_tag\atlas\common\src\main\java\org\apache\atlas\groovy\FunctionCallExpression.java,24
D:\program\SC_Related\git_tag\atlas\intg\src\test\java\org\apache\atlas\type\TestAtlasEntityType.java,19
D:\program\SC_Related\git_tag\atlas\intg\src\main\java\org\apache\atlas\model\instance\EntityMutations.java,5
D:\program\SC_Related\git_tag\atlas\repository\src\main\java\org\apache\atlas\repository\graph\GraphHelper.java,14
D:\program\SC_Related\git_tag\atlas\intg\src\main\java\org\apache\atlas\model\instance\AtlasEntityHeader.java,37
D:\program\SC_Related\git_tag\atlas\intg\src\main\java\org\apache\atlas\model\glossary\relations\AtlasGlossaryHeader.java,68
D:\program\SC_Related\git_tag\atlas\repository\src\main\java\org\apache\atlas\repository\audit\AbstractStorageBasedAuditRepository.java,12
D:\program\SC_Related\git_tag\atlas\webapp\src\main\java\org\apache\atlas\notification\EntityNotificationListenerV2.java,102
D:\program\SC_Related\git_tag\atlas\graphdb\common\src\main\java\org\apache\atlas\repository\graphdb\utils\IteratorToIterableAdapter.java,44
D:\program\SC_Related\git_tag\atlas\addons\storm-bridge\src\main\java\org\apache\atlas\storm\hook\StormAtlasHook.java,23
D:\program\SC_Related\git_tag\atlas\graphdb\api\src\main\java\org\apache\atlas\repository\graphdb\GraphDBMigrator.java,42
D:\program\SC_Related\git_tag\atlas\intg\src\main\java\org\apache\atlas\SortOrder.java,31
D:\program\SC_Related\git_tag\atlas\repository\src\main\java\org\apache\atlas\util\AtlasGremlinQueryProvider.java,56
D:\program\SC_Related\git_tag\atlas\repository\src\main\java\org\apache\atlas\repository\audit\HBaseBasedAuditRepository.java,12
D:\program\SC_Related\git_tag\atlas\webapp\src\test\java\org\apache\atlas\web\filters\AtlasCSRFPreventionFilterTest.java,39
D:\program\SC_Related\git_tag\atlas\authorization\src\main\java\org\apache\atlas\authorize\AtlasEntityAccessRequest.java,76
D:\program\SC_Related\git_tag\atlas\graphdb\common\src\main\java\org\apache\atlas\repository\graphdb\tinkerpop\query\NativeTinkerpopQueryFactory.java,13
D:\program\SC_Related\git_tag\atlas\intg\src\main\java\org\apache\atlas\type\AtlasTypeUtil.java,36
D:\program\SC_Related\git_tag\atlas\repository\src\main\java\org\apache\atlas\repository\converters\AtlasArrayFormatConverter.java,46
D:\program\SC_Related\git_tag\atlas\webapp\src\test\java\org\apache\atlas\web\TestUtils.java,63
D:\program\SC_Related\git_tag\atlas\webapp\src\test\java\org\apache\atlas\web\security\FileAuthenticationTest.java,58
D:\program\SC_Related\git_tag\atlas\intg\src\main\java\org\apache\atlas\entitytransform\HiveTableEntityHandler.java,84
D:\program\SC_Related\git_tag\atlas\repository\src\main\java\org\apache\atlas\repository\ogm\AbstractDataTransferObject.java,79
D:\program\SC_Related\git_tag\atlas\repository\src\main\java\org\apache\atlas\repository\store\graph\v2\AtlasEntityChangeNotifier.java,12
D:\program\SC_Related\git_tag\atlas\graphdb\janus\src\main\java\org\apache\atlas\repository\graphdb\janus\migration\TypesWithCollectionsFinder.java,36
D:\program\SC_Related\git_tag\atlas\webapp\src\main\java\org\apache\atlas\web\filters\AtlasAuthenticationFilter.java,39
D:\program\SC_Related\git_tag\atlas\intg\src\test\java\org\apache\atlas\type\TestAtlasMapType.java,16
D:\program\SC_Related\git_tag\atlas\repository\src\main\java\org\apache\atlas\query\SelectClauseComposer.java,89
D:\program\SC_Related\git_tag\atlas\addons\hbase-bridge-shim\src\main\java\org\apache\atlas\hbase\hook\HBaseAtlasCoprocessor.java,63
D:\program\SC_Related\git_tag\atlas\intg\src\main\java\org\apache\atlas\entitytransform\HiveDatabaseEntityHandler.java,84
D:\program\SC_Related\git_tag\atlas\intg\src\test\java\org\apache\atlas\TestUtilsV2.java,107
D:\program\SC_Related\git_tag\atlas\webapp\src\main\java\org\apache\atlas\Atlas.java,58
D:\program\SC_Related\git_tag\atlas\intg\src\main\java\org\apache\atlas\type\AtlasType.java,16
D:\program\SC_Related\git_tag\atlas\authorization\src\main\java\org\apache\atlas\authorize\simple\AtlasSimpleAuthorizer.java,76
D:\program\SC_Related\git_tag\atlas\authorization\src\main\java\org\apache\atlas\authorize\AtlasPrivilege.java,62
D:\program\SC_Related\git_tag\atlas\webapp\src\main\java\org\apache\atlas\web\security\AtlasPamAuthenticationProvider.java,15
D:\program\SC_Related\git_tag\atlas\intg\src\main\java\org\apache\atlas\model\glossary\AtlasGlossaryBaseObject.java,68
D:\program\SC_Related\git_tag\atlas\intg\src\main\java\org\apache\atlas\model\notification\MessageVersion.java,71
D:\program\SC_Related\git_tag\atlas\intg\src\main\java\org\apache\atlas\entitytransform\HiveStorageDescriptorEntityHandler.java,84
D:\program\SC_Related\git_tag\atlas\repository\src\main\java\org\apache\atlas\repository\IndexCreationException.java,34
D:\program\SC_Related\git_tag\atlas\addons\hive-bridge\src\main\java\org\apache\atlas\hive\hook\events\DropDatabase.java,80
D:\program\SC_Related\git_tag\atlas\intg\src\main\java\org\apache\atlas\entitytransform\EntityAttribute.java,19
D:\program\SC_Related\git_tag\atlas\common\src\main\java\org\apache\atlas\groovy\ArithmeticExpression.java,52
D:\program\SC_Related\git_tag\atlas\notification\src\main\java\org\apache\atlas\notification\MessageDeserializer.java,26
D:\program\SC_Related\git_tag\atlas\graphdb\janus\src\main\java\org\apache\atlas\repository\graphdb\janus\graphson\AtlasGraphSONUtility.java,14
D:\program\SC_Related\git_tag\atlas\server-api\src\main\java\org\apache\atlas\ha\AtlasServerIdSelector.java,58
D:\program\SC_Related\git_tag\atlas\repository\src\test\java\org\apache\atlas\repository\impexp\ImportTransformsShaperTest.java,72
D:\program\SC_Related\git_tag\atlas\intg\src\test\java\org\apache\atlas\model\instance\TestAtlasClassification.java,79
D:\program\SC_Related\git_tag\atlas\common\src\main\java\org\apache\atlas\annotation\ConditionalOnAtlasProperty.java,48
D:\program\SC_Related\git_tag\atlas\graphdb\janus\src\main\java\org\apache\atlas\repository\graphdb\janus\AtlasJanusPropertyKey.java,44
D:\program\SC_Related\git_tag\atlas\webapp\src\main\java\org\apache\atlas\web\util\Servlets.java,57
D:\program\SC_Related\git_tag\atlas\webapp\src\test\java\org\apache\atlas\notification\NotificationEntityChangeListenerTest.java,81
D:\program\SC_Related\git_tag\atlas\repository\src\main\java\org\apache\atlas\discovery\AtlasLineageService.java,55
D:\program\SC_Related\git_tag\atlas\repository\src\test\java\org\apache\atlas\repository\impexp\UniqueListTest.java,4
D:\program\SC_Related\git_tag\atlas\common\src\main\java\org\apache\atlas\groovy\LogicalExpression.java,70
D:\program\SC_Related\git_tag\atlas\server-api\src\main\java\org\apache\atlas\listener\EntityChangeListener.java,74
D:\program\SC_Related\git_tag\atlas\graphdb\api\src\main\java\org\apache\atlas\repository\graphdb\AtlasGraphQuery.java,27
D:\program\SC_Related\git_tag\atlas\webapp\src\main\java\org\apache\atlas\web\model\User.java,83
D:\program\SC_Related\git_tag\atlas\intg\src\main\java\org\apache\atlas\model\notification\AtlasNotificationMessage.java,17
D:\program\SC_Related\git_tag\atlas\webapp\src\main\java\org\apache\atlas\notification\EntityNotificationSender.java,93
D:\program\SC_Related\git_tag\atlas\common\src\main\java\org\apache\atlas\repository\Constants.java,19
D:\program\SC_Related\git_tag\atlas\repository\src\test\java\org\apache\atlas\query\DSLParsingTest.java,99
D:\program\SC_Related\git_tag\atlas\repository\src\test\java\org\apache\atlas\glossary\PaginationHelperTest.java,110
D:\program\SC_Related\git_tag\atlas\graphdb\janus\src\test\java\org\apache\atlas\repository\graphdb\janus\migration\WorkItemConsumerTest.java,82
D:\program\SC_Related\git_tag\atlas\intg\src\test\java\org\apache\atlas\type\TestAtlasArrayType.java,16
D:\program\SC_Related\git_tag\atlas\intg\src\main\java\org\apache\atlas\v1\model\instance\Id.java,21
D:\program\SC_Related\git_tag\atlas\intg\src\main\java\org\apache\atlas\type\AtlasMapType.java,16
D:\program\SC_Related\git_tag\atlas\intg\src\main\java\org\apache\atlas\model\impexp\AtlasImportResult.java,87
D:\program\SC_Related\git_tag\atlas\notification\src\main\java\org\apache\atlas\notification\hook\HookMessageDeserializer.java,59
D:\program\SC_Related\git_tag\atlas\webapp\src\test\java\org\apache\atlas\web\security\BaseSSLAndKerberosTest.java,15
D:\program\SC_Related\git_tag\atlas\webapp\src\main\java\org\apache\atlas\web\security\AtlasFileAuthenticationProvider.java,83
D:\program\SC_Related\git_tag\atlas\intg\src\main\java\org\apache\atlas\model\profile\AtlasUserSavedSearch.java,109
D:\program\SC_Related\git_tag\atlas\notification\src\main\java\org\apache\atlas\hook\FailedMessagesLogger.java,63
D:\program\SC_Related\git_tag\atlas\repository\src\main\java\org\apache\atlas\discovery\EntityDiscoveryService.java,3
D:\program\SC_Related\git_tag\atlas\repository\src\test\java\org\apache\atlas\repository\migration\ComplexAttributesTest.java,45
D:\program\SC_Related\git_tag\atlas\notification\src\test\java\org\apache\atlas\kafka\KafkaConsumerTest.java,7
D:\program\SC_Related\git_tag\atlas\webapp\src\test\java\org\apache\atlas\CredentialProviderUtilityIT.java,58
D:\program\SC_Related\git_tag\atlas\webapp\src\test\java\org\apache\atlas\web\integration\EntityV2JerseyResourceIT.java,3
D:\program\SC_Related\git_tag\atlas\intg\src\main\java\org\apache\atlas\model\glossary\relations\AtlasRelatedCategoryHeader.java,71
D:\program\SC_Related\git_tag\atlas\repository\src\main\java\org\apache\atlas\repository\store\graph\EntityResolver.java,23
D:\program\SC_Related\git_tag\atlas\repository\src\test\java\org\apache\atlas\repository\store\graph\v2\AtlasEntityStoreV2BulkImportPercentTest.java,51
D:\program\SC_Related\git_tag\atlas\graphdb\common\src\main\java\org\apache\atlas\repository\graphdb\tinkerpop\query\expr\OrderByPredicate.java,98
D:\program\SC_Related\git_tag\atlas\notification\src\test\java\org\apache\atlas\notification\entity\EntityNotificationDeserializerTest.java,97
D:\program\SC_Related\git_tag\atlas\addons\hive-bridge\src\test\java\org\apache\atlas\hive\bridge\HiveMetastoreBridgeIT.java,3
D:\program\SC_Related\git_tag\atlas\intg\src\main\java\org\apache\atlas\model\typedef\AtlasTypeDefHeader.java,21
D:\program\SC_Related\git_tag\atlas\webapp\src\main\java\org\apache\atlas\web\rest\DiscoveryREST.java,53
D:\program\SC_Related\git_tag\atlas\intg\src\main\java\org\apache\atlas\model\instance\AtlasClassification.java,55
D:\program\SC_Related\git_tag\atlas\graphdb\common\src\test\java\org\apache\atlas\graph\GraphSandboxUtil.java,63
D:\program\SC_Related\git_tag\atlas\repository\src\test\java\org\apache\atlas\TestModules.java,8
D:\program\SC_Related\git_tag\atlas\graphdb\api\src\main\java\org\apache\atlas\repository\graphdb\AtlasEdge.java,33
D:\program\SC_Related\git_tag\atlas\repository\src\main\java\org\apache\atlas\repository\store\graph\v2\EntityGraphRetriever.java,36
D:\program\SC_Related\git_tag\atlas\repository\src\main\java\org\apache\atlas\repository\store\graph\v2\AtlasGraphUtilsV2.java,36
D:\program\SC_Related\git_tag\atlas\repository\src\test\java\org\apache\atlas\repository\impexp\HdfsPathEntityCreatorTest.java,8
D:\program\SC_Related\git_tag\atlas\repository\src\main\java\org\apache\atlas\repository\impexp\ExportTypeProcessor.java,37
D:\program\SC_Related\git_tag\atlas\webapp\src\main\java\org\apache\atlas\notification\preprocessor\PreprocessorContext.java,102
D:\program\SC_Related\git_tag\atlas\client\client-v1\src\main\java\org\apache\atlas\AtlasClient.java,12
D:\program\SC_Related\git_tag\atlas\graphdb\janus\src\main\java\org\apache\atlas\repository\graphdb\janus\migration\RelationshipCacheGenerator.java,0
D:\program\SC_Related\git_tag\atlas\common\src\main\java\org\apache\atlas\groovy\AbstractGroovyExpression.java,70
D:\program\SC_Related\git_tag\atlas\intg\src\main\java\org\apache\atlas\model\instance\AtlasEntity.java,3
D:\program\SC_Related\git_tag\atlas\webapp\src\main\java\org\apache\atlas\web\rest\GlossaryREST.java,54
D:\program\SC_Related\git_tag\atlas\repository\src\main\java\org\apache\atlas\repository\store\graph\v2\AttributeMutationContext.java,33
D:\program\SC_Related\git_tag\atlas\repository\src\test\java\org\apache\atlas\repository\store\graph\v2\AtlasEntityDefStoreV2Test.java,8
D:\program\SC_Related\git_tag\atlas\repository\src\test\java\org\apache\atlas\repository\store\graph\v2\InverseReferenceUpdateV2Test.java,102
D:\program\SC_Related\git_tag\atlas\webapp\src\main\java\org\apache\atlas\web\errors\NotFoundExceptionMapper.java,75
D:\program\SC_Related\git_tag\atlas\intg\src\main\java\org\apache\atlas\model\typedef\AtlasTypesDef.java,5
D:\program\SC_Related\git_tag\atlas\repository\src\main\java\org\apache\atlas\repository\converters\AtlasPrimitiveFormatConverter.java,94
D:\program\SC_Related\git_tag\atlas\common\src\main\java\org\apache\atlas\utils\ParamChecker.java,78
D:\program\SC_Related\git_tag\atlas\common\src\main\java\org\apache\atlas\groovy\LiteralExpression.java,68
D:\program\SC_Related\git_tag\atlas\addons\hbase-bridge\src\main\java\org\apache\atlas\hbase\bridge\HBaseAtlasHook.java,84
D:\program\SC_Related\git_tag\atlas\common\src\test\java\org\apache\atlas\ha\HAConfigurationTest.java,22
D:\program\SC_Related\git_tag\atlas\repository\src\main\java\org\apache\atlas\query\antlr4\AtlasDSLParser.java,78
D:\program\SC_Related\git_tag\atlas\webapp\src\main\java\org\apache\atlas\web\setup\KerberosAwareListener.java,47
D:\program\SC_Related\git_tag\atlas\notification\src\main\java\org\apache\atlas\notification\AbstractMessageDeserializer.java,59
D:\program\SC_Related\git_tag\atlas\repository\src\test\java\org\apache\atlas\query\GremlinQueryComposerTest.java,78
D:\program\SC_Related\git_tag\atlas\addons\hbase-bridge\src\main\java\org\apache\atlas\hbase\hook\HBaseAtlasCoprocessor.java,30
D:\program\SC_Related\git_tag\atlas\intg\src\test\java\org\apache\atlas\type\TestAtlasBigDecimalType.java,104
D:\program\SC_Related\git_tag\atlas\graphdb\api\src\main\java\org\apache\atlas\repository\graphdb\AtlasGraphIndex.java,4
D:\program\SC_Related\git_tag\atlas\webapp\src\main\java\org\apache\atlas\web\filters\StaleTransactionCleanupFilter.java,108
D:\program\SC_Related\git_tag\atlas\intg\src\main\java\org\apache\atlas\model\instance\AtlasCheckStateResult.java,5
D:\program\SC_Related\git_tag\atlas\repository\src\main\java\org\apache\atlas\repository\store\graph\v2\AtlasRelationshipStoreV2.java,14
D:\program\SC_Related\git_tag\atlas\notification\src\main\java\org\apache\atlas\notification\AtlasNotificationMessageDeserializer.java,17
D:\program\SC_Related\git_tag\atlas\intg\src\main\java\org\apache\atlas\type\AtlasBuiltInTypes.java,16
D:\program\SC_Related\git_tag\atlas\repository\src\main\java\org\apache\atlas\glossary\GlossaryUtils.java,74
D:\program\SC_Related\git_tag\atlas\intg\src\test\java\org\apache\atlas\type\TestAtlasStringType.java,16
D:\program\SC_Related\git_tag\atlas\graphdb\api\src\main\java\org\apache\atlas\repository\graphdb\AtlasGraphTraversal.java,35
D:\program\SC_Related\git_tag\atlas\webapp\src\test\java\org\apache\atlas\web\service\ActiveInstanceElectorServiceTest.java,22
D:\program\SC_Related\git_tag\atlas\client\client-v2\src\test\java\org.apache.atlas\AtlasClientV2Test.java,57
D:\program\SC_Related\git_tag\atlas\repository\src\main\java\org\apache\atlas\repository\store\graph\v2\AtlasTypeDefGraphStoreV2.java,14
D:\program\SC_Related\git_tag\atlas\repository\src\main\java\org\apache\atlas\repository\converters\AtlasFormatConverter.java,9
D:\program\SC_Related\git_tag\atlas\intg\src\main\java\org\apache\atlas\utils\AtlasJson.java,21
D:\program\SC_Related\git_tag\atlas\repository\src\test\java\org\apache\atlas\repository\store\graph\v1\SoftReferenceTest.java,72
D:\program\SC_Related\git_tag\atlas\notification\src\test\java\org\apache\atlas\hook\AtlasHookTest.java,47
D:\program\SC_Related\git_tag\atlas\repository\src\test\java\org\apache\atlas\repository\store\graph\v2\ClassificationAssociatorTest.java,100
D:\program\SC_Related\git_tag\atlas\intg\src\main\java\org\apache\atlas\entitytransform\AtlasEntityTransformer.java,20
D:\program\SC_Related\git_tag\atlas\webapp\src\test\java\org\apache\atlas\web\resources\AdminExportTest.java,25
D:\program\SC_Related\git_tag\atlas\authorization\src\main\java\org\apache\atlas\authorize\AtlasSearchResultScrubRequest.java,109
D:\program\SC_Related\git_tag\atlas\repository\src\main\java\org\apache\atlas\repository\converters\AtlasStructFormatConverter.java,19
D:\program\SC_Related\git_tag\atlas\repository\src\main\java\org\apache\atlas\repository\store\graph\v2\EntityStream.java,41
D:\program\SC_Related\git_tag\atlas\webapp\src\main\java\org\apache\atlas\web\security\AtlasSecurityConfig.java,15
D:\program\SC_Related\git_tag\atlas\webapp\src\main\java\org\apache\atlas\web\security\AtlasAbstractAuthenticationProvider.java,83
D:\program\SC_Related\git_tag\atlas\addons\hive-bridge\src\test\java\org\apache\atlas\hive\bridge\ColumnLineageUtils.java,37
D:\program\SC_Related\git_tag\atlas\authorization\src\main\java\org\apache\atlas\authorize\AtlasAdminAccessRequest.java,96
D:\program\SC_Related\git_tag\atlas\server-api\src\main\java\org\apache\atlas\setup\SetupException.java,34
D:\program\SC_Related\git_tag\atlas\intg\src\main\java\org\apache\atlas\model\instance\AtlasCheckStateRequest.java,5
D:\program\SC_Related\git_tag\atlas\graphdb\janus\src\main\java\org\apache\atlas\repository\graphdb\janus\AtlasJanusGraphDatabase.java,8
D:\program\SC_Related\git_tag\atlas\notification\src\main\java\org\apache\atlas\notification\AbstractNotificationConsumer.java,59
D:\program\SC_Related\git_tag\atlas\common\src\main\java\org\apache\atlas\groovy\AbstractFunctionExpression.java,70
D:\program\SC_Related\git_tag\atlas\webapp\src\main\java\org\apache\atlas\web\params\AbstractParam.java,75
D:\program\SC_Related\git_tag\atlas\authorization\src\main\java\org\apache\atlas\authorize\AtlasAuthorizerFactory.java,10
D:\program\SC_Related\git_tag\atlas\webapp\src\main\java\org\apache\atlas\web\util\DateTimeHelper.java,66
D:\program\SC_Related\git_tag\atlas\webapp\src\test\java\org\apache\atlas\web\service\SecureEmbeddedServerTest.java,58
D:\program\SC_Related\git_tag\atlas\repository\src\main\java\org\apache\atlas\repository\impexp\IncrementalExportEntityProvider.java,50
D:\program\SC_Related\git_tag\atlas\intg\src\test\java\org\apache\atlas\type\TestAtlasShortType.java,16
D:\program\SC_Related\git_tag\atlas\intg\src\test\java\org\apache\atlas\model\typedef\TestAtlasStructDef.java,18
D:\program\SC_Related\git_tag\atlas\intg\src\main\java\org\apache\atlas\model\AtlasBaseModelObject.java,21
D:\program\SC_Related\git_tag\atlas\graphdb\janus\src\main\java\org\apache\atlas\repository\graphdb\janus\migration\GraphDBGraphSONMigrator.java,42
D:\program\SC_Related\git_tag\atlas\intg\src\test\java\org\apache\atlas\type\TestAtlasClassificationType.java,60
D:\program\SC_Related\git_tag\atlas\webapp\src\main\java\org\apache\atlas\web\rest\TypesREST.java,12
D:\program\SC_Related\git_tag\atlas\intg\src\main\java\org\apache\atlas\v1\model\discovery\DSLSearchResult.java,21
D:\program\SC_Related\git_tag\atlas\repository\src\main\java\org\apache\atlas\repository\userprofile\UserProfileService.java,62
D:\program\SC_Related\git_tag\atlas\repository\src\main\java\org\apache\atlas\glossary\GlossaryTermUtils.java,0
D:\program\SC_Related\git_tag\atlas\intg\src\test\java\org\apache\atlas\type\TestMultiplicity.java,4
D:\program\SC_Related\git_tag\atlas\graphdb\api\src\main\java\org\apache\atlas\repository\graphdb\AtlasCardinality.java,31
D:\program\SC_Related\git_tag\atlas\graphdb\api\src\main\java\org\apache\atlas\repository\graphdb\GraphDatabase.java,13
D:\program\SC_Related\git_tag\atlas\intg\src\main\java\org\apache\atlas\v1\model\notification\EntityNotificationV1.java,81
D:\program\SC_Related\git_tag\atlas\repository\src\main\java\org\apache\atlas\query\GremlinClauseList.java,13
D:\program\SC_Related\git_tag\atlas\common\src\main\java\org\apache\atlas\utils\AtlasPerfTracer.java,54
D:\program\SC_Related\git_tag\atlas\repository\src\main\java\org\apache\atlas\discovery\AtlasDiscoveryService.java,56
D:\program\SC_Related\git_tag\atlas\intg\src\test\java\org\apache\atlas\type\TestAtlasTypeRegistry.java,79
D:\program\SC_Related\git_tag\atlas\tools\atlas-migration-exporter\src\main\java\org\apache\atlas\migration\NoOpNotification.java,93
D:\program\SC_Related\git_tag\atlas\intg\src\main\java\org\apache\atlas\model\notification\EntityNotification.java,21
D:\program\SC_Related\git_tag\atlas\common\src\main\java\org\apache\atlas\groovy\ComparisonOperatorExpression.java,70
D:\program\SC_Related\git_tag\atlas\repository\src\main\java\org\apache\atlas\repository\RepositoryException.java,34
D:\program\SC_Related\git_tag\atlas\intg\src\test\java\org\apache\atlas\type\TestAtlasByteType.java,16
D:\program\SC_Related\git_tag\atlas\webapp\src\main\java\org\apache\atlas\web\rest\LineageREST.java,53
D:\program\SC_Related\git_tag\atlas\intg\src\test\java\org\apache\atlas\type\TestAtlasLongType.java,16
D:\program\SC_Related\git_tag\atlas\webapp\src\main\java\org\apache\atlas\notification\preprocessor\EntityPreprocessor.java,103
D:\program\SC_Related\git_tag\atlas\tools\atlas-migration-exporter\src\main\java\org\apache\atlas\migration\Exporter.java,63
D:\program\SC_Related\git_tag\atlas\webapp\src\main\java\org\apache\atlas\web\filters\AtlasCSRFPreventionFilter.java,39
D:\program\SC_Related\git_tag\atlas\common\src\main\java\org\apache\atlas\groovy\RangeExpression.java,24
D:\program\SC_Related\git_tag\atlas\repository\src\main\java\org\apache\atlas\repository\impexp\ImportTransforms.java,91
D:\program\SC_Related\git_tag\atlas\repository\src\main\java\org\apache\atlas\repository\converters\AtlasObjectIdConverter.java,19
D:\program\SC_Related\git_tag\atlas\repository\src\main\java\org\apache\atlas\repository\impexp\ImportService.java,100
D:\program\SC_Related\git_tag\atlas\graphdb\janus\src\main\java\org\apache\atlas\repository\graphdb\janus\migration\GraphSONUtility.java,44
D:\program\SC_Related\git_tag\atlas\intg\src\main\java\org\apache\atlas\type\AtlasRelationshipType.java,86
D:\program\SC_Related\git_tag\atlas\webapp\src\test\java\org\apache\atlas\notification\NotificationHookConsumerIT.java,12
D:\program\SC_Related\git_tag\atlas\notification\src\test\java\org\apache\atlas\kafka\KafkaNotificationMockTest.java,40
D:\program\SC_Related\git_tag\atlas\webapp\src\test\java\org\apache\atlas\notification\NotificationHookConsumerKafkaTest.java,40
D:\program\SC_Related\git_tag\atlas\graphdb\janus\src\main\java\org\apache\atlas\repository\graphdb\janus\migration\postProcess\PostProcessListProperty.java,11
D:\program\SC_Related\git_tag\atlas\notification\src\main\java\org\apache\atlas\hook\AtlasTopicCreator.java,15
D:\program\SC_Related\git_tag\atlas\intg\src\main\java\org\apache\atlas\model\PList.java,37
D:\program\SC_Related\git_tag\atlas\addons\falcon-bridge\src\main\java\org\apache\atlas\falcon\event\FalconEvent.java,65
D:\program\SC_Related\git_tag\atlas\repository\src\main\java\org\apache\atlas\repository\graph\AtlasEdgeLabel.java,68
D:\program\SC_Related\git_tag\atlas\webapp\src\test\java\org\apache\atlas\notification\NotificationHookConsumerTest.java,40
D:\program\SC_Related\git_tag\atlas\intg\src\main\java\org\apache\atlas\entitytransform\HdfsPathEntityHandler.java,84
D:\program\SC_Related\git_tag\atlas\repository\src\main\java\org\apache\atlas\repository\converters\AtlasFormatConverters.java,94
D:\program\SC_Related\git_tag\atlas\repository\src\main\java\org\apache\atlas\repository\impexp\ExportImportAuditService.java,56
D:\program\SC_Related\git_tag\atlas\webapp\src\test\java\org\apache\atlas\web\adapters\TestEntityRESTDelete.java,12
D:\program\SC_Related\git_tag\atlas\common\src\test\java\org\apache\atlas\utils\HdfsNameServiceResolverTest.java,8
D:\program\SC_Related\git_tag\atlas\graphdb\common\src\main\java\org\apache\atlas\repository\graphdb\tinkerpop\query\expr\AndCondition.java,20
D:\program\SC_Related\git_tag\atlas\intg\src\main\java\org\apache\atlas\typesystem\types\DataTypes.java,85
D:\program\SC_Related\git_tag\atlas\common\src\main\java\org\apache\atlas\groovy\TypeCoersionExpression.java,24
D:\program\SC_Related\git_tag\atlas\intg\src\main\java\org\apache\atlas\model\glossary\AtlasGlossary.java,32
D:\program\SC_Related\git_tag\atlas\common\src\test\java\org\apache\atlas\utils\LruCacheTest.java,100
D:\program\SC_Related\git_tag\atlas\server-api\src\main\java\org\apache\atlas\exception\NotFoundException.java,34
D:\program\SC_Related\git_tag\atlas\tools\atlas-migration-exporter\src\main\java\org\apache\atlas\migration\NoOpNotificationChangeListener.java,74
D:\program\SC_Related\git_tag\atlas\repository\src\main\java\org\apache\atlas\repository\store\graph\EntityGraphDiscovery.java,13
D:\program\SC_Related\git_tag\atlas\graphdb\janus\src\main\java\org\apache\atlas\repository\graphdb\janus\migration\pc\WorkItemConsumer.java,82
D:\program\SC_Related\git_tag\atlas\intg\src\main\java\org\apache\atlas\v1\model\lineage\SchemaResponse.java,55
D:\program\SC_Related\git_tag\atlas\repository\src\main\java\org\apache\atlas\GraphTransactionAdvisor.java,6
D:\program\SC_Related\git_tag\atlas\repository\src\main\java\org\apache\atlas\repository\ogm\glossary\AtlasGlossaryDTO.java,0
D:\program\SC_Related\git_tag\atlas\notification\src\main\java\org\apache\atlas\notification\AbstractNotification.java,17
D:\program\SC_Related\git_tag\atlas\repository\src\main\java\org\apache\atlas\repository\store\graph\BulkImporter.java,77
D:\program\SC_Related\git_tag\atlas\intg\src\main\java\org\apache\atlas\utils\AtlasEntityUtil.java,44
D:\program\SC_Related\git_tag\atlas\intg\src\main\java\org\apache\atlas\model\instance\AtlasRelationship.java,102
D:\program\SC_Related\git_tag\atlas\webapp\src\main\java\org\apache\atlas\web\service\SecureEmbeddedServer.java,15
D:\program\SC_Related\git_tag\atlas\intg\src\main\java\org\apache\atlas\model\impexp\ExportImportAuditEntry.java,87
D:\program\SC_Related\git_tag\atlas\common\src\main\java\org\apache\atlas\groovy\CastExpression.java,24
D:\program\SC_Related\git_tag\atlas\intg\src\main\java\org\apache\atlas\model\notification\HookNotification.java,21
D:\program\SC_Related\git_tag\atlas\repository\src\main\java\org\apache\atlas\repository\store\graph\v2\EntityStateChecker.java,14
D:\program\SC_Related\git_tag\atlas\repository\src\main\java\org\apache\atlas\util\AtlasGremlin3QueryProvider.java,56
D:\program\SC_Related\git_tag\atlas\webapp\src\main\java\org\apache\atlas\web\filters\AtlasResponseRequestWrapper.java,47
D:\program\SC_Related\git_tag\atlas\webapp\src\test\java\org\apache\atlas\web\integration\TypedefsJerseyResourceIT.java,107
D:\program\SC_Related\git_tag\atlas\webapp\src\test\java\org\apache\atlas\web\service\AtlasZookeeperSecurityPropertiesTest.java,2
D:\program\SC_Related\git_tag\atlas\webapp\src\test\java\org\apache\atlas\web\security\UserDaoTest.java,25
D:\program\SC_Related\git_tag\atlas\notification\src\main\java\org\apache\atlas\kafka\KafkaNotification.java,40
D:\program\SC_Related\git_tag\atlas\notification\src\main\java\org\apache\atlas\kafka\AtlasKafkaMessage.java,103
D:\program\SC_Related\git_tag\atlas\notification\src\main\java\org\apache\atlas\notification\NotificationInterface.java,59
D:\program\SC_Related\git_tag\atlas\webapp\src\test\java\org\apache\atlas\web\adapters\TestEntitiesREST.java,102
D:\program\SC_Related\git_tag\atlas\webapp\src\main\java\org\apache\atlas\web\security\AtlasAuthenticationProvider.java,64
D:\program\SC_Related\git_tag\atlas\addons\sqoop-bridge\src\test\java\org\apache\atlas\sqoop\hook\SqoopHookIT.java,23
D:\program\SC_Related\git_tag\atlas\addons\hive-bridge\src\main\java\org\apache\atlas\hive\hook\events\CreateTable.java,80
D:\program\SC_Related\git_tag\atlas\repository\src\main\java\org\apache\atlas\query\GremlinClause.java,20
D:\program\SC_Related\git_tag\atlas\common\src\main\java\org\apache\atlas\utils\LruCache.java,91
D:\program\SC_Related\git_tag\atlas\client\common\src\main\java\org\apache\atlas\security\SecureClientUtils.java,15
D:\program\SC_Related\git_tag\atlas\repository\src\main\java\org\apache\atlas\repository\store\graph\v2\UniqAttrBasedEntityResolver.java,19
D:\program\SC_Related\git_tag\atlas\graphdb\janus\src\test\java\org\apache\atlas\repository\graphdb\janus\migration\JsonNodeParsersTest.java,11
D:\program\SC_Related\git_tag\atlas\webapp\src\main\java\org\apache\atlas\notification\preprocessor\HivePreprocessor.java,41
D:\program\SC_Related\git_tag\atlas\repository\src\main\java\org\apache\atlas\repository\converters\AtlasAbstractFormatConverter.java,94
D:\program\SC_Related\git_tag\atlas\webapp\src\main\java\org\apache\atlas\web\service\ActiveInstanceState.java,2
D:\program\SC_Related\git_tag\atlas\repository\src\main\java\org\apache\atlas\repository\impexp\ZipSink.java,92
D:\program\SC_Related\git_tag\atlas\repository\src\main\java\org\apache\atlas\repository\store\graph\v1\HardDeleteHandlerV1.java,11
D:\program\SC_Related\git_tag\atlas\notification\src\main\java\org\apache\atlas\kafka\EmbeddedKafkaServer.java,58
D:\program\SC_Related\git_tag\atlas\server-api\src\main\test\org\apache\atlas\ha\AtlasServerIdSelectorTest.java,57
D:\program\SC_Related\git_tag\atlas\webapp\src\test\java\org\apache\atlas\web\adapters\TestEntityREST.java,102
D:\program\SC_Related\git_tag\atlas\webapp\src\test\java\org\apache\atlas\web\filters\AtlasAuthenticationKerberosFilterTest.java,58
D:\program\SC_Related\git_tag\atlas\webapp\src\main\java\org\apache\atlas\web\dao\UserDao.java,83
D:\program\SC_Related\git_tag\atlas\repository\src\main\java\org\apache\atlas\query\IdentifierHelper.java,19
D:\program\SC_Related\git_tag\atlas\repository\src\main\java\org\apache\atlas\repository\impexp\TypeAttributeDifference.java,69
D:\program\SC_Related\git_tag\atlas\intg\src\main\java\org\apache\atlas\model\notification\AtlasNotificationStringMessage.java,17
D:\program\SC_Related\git_tag\atlas\intg\src\main\java\org\apache\atlas\model\instance\EntityMutationResponse.java,87
D:\program\SC_Related\git_tag\atlas\authorization\src\test\java\org\apache\atlas\authorize\simple\AtlasSimpleAuthorizerTest.java,110
D:\program\SC_Related\git_tag\atlas\notification\src\test\java\org\apache\atlas\notification\AbstractNotificationConsumerTest.java,97
D:\program\SC_Related\git_tag\atlas\repository\src\main\java\org\apache\atlas\repository\impexp\AtlasServerService.java,12
D:\program\SC_Related\git_tag\atlas\repository\src\test\java\org\apache\atlas\query\BasicTestSetup.java,102
D:\program\SC_Related\git_tag\atlas\repository\src\test\java\org\apache\atlas\repository\migration\HiveParititionTest.java,45
D:\program\SC_Related\git_tag\atlas\repository\src\main\java\org\apache\atlas\repository\converters\AtlasClassificationFormatConverter.java,81
D:\program\SC_Related\git_tag\atlas\intg\src\main\java\org\apache\atlas\entitytransform\TransformationConstants.java,84
D:\program\SC_Related\git_tag\atlas\graphdb\common\src\main\java\org\apache\atlas\repository\graphdb\tinkerpop\query\expr\HasPredicate.java,20
D:\program\SC_Related\git_tag\atlas\addons\hbase-bridge\src\test\java\org\apache\atlas\hbase\HBaseAtlasHookIT.java,12
D:\program\SC_Related\git_tag\atlas\addons\sqoop-bridge-shim\src\main\java\org\apache\atlas\sqoop\hook\SqoopHook.java,73
D:\program\SC_Related\git_tag\atlas\intg\src\test\java\org\apache\atlas\model\typedef\TestAtlasEntityDef.java,69
D:\program\SC_Related\git_tag\atlas\client\client-v1\src\main\java\org\apache\atlas\CreateUpdateEntitiesResult.java,41
D:\program\SC_Related\git_tag\atlas\intg\src\test\java\org\apache\atlas\model\ModelTestUtil.java,69
D:\program\SC_Related\git_tag\atlas\repository\src\main\java\org\apache\atlas\query\QueryParams.java,110
D:\program\SC_Related\git_tag\atlas\webapp\src\main\java\org\apache\atlas\web\resources\MetadataDiscoveryResource.java,12
D:\program\SC_Related\git_tag\atlas\repository\src\main\java\org\apache\atlas\repository\impexp\ZipSource.java,100
D:\program\SC_Related\git_tag\atlas\webapp\src\test\java\org\apache\atlas\web\filters\ActiveServerFilterTest.java,108
D:\program\SC_Related\git_tag\atlas\intg\src\main\java\org\apache\atlas\v1\model\typedef\HierarchicalTypeDefinition.java,85
D:\program\SC_Related\git_tag\atlas\notification\src\test\java\org\apache\atlas\notification\AtlasNotificationMessageTest.java,59
D:\program\SC_Related\git_tag\atlas\webapp\src\main\java\org\apache\atlas\web\filters\SSOAuthentication.java,105
D:\program\SC_Related\git_tag\atlas\webapp\src\main\java\org\apache\atlas\web\security\PamPrincipal.java,105
D:\program\SC_Related\git_tag\atlas\repository\src\main\java\org\apache\atlas\repository\converters\AtlasInstanceConverter.java,12
D:\program\SC_Related\git_tag\atlas\notification\src\main\java\org\apache\atlas\notification\entity\EntityMessageDeserializer.java,59
D:\program\SC_Related\git_tag\atlas\repository\src\main\java\org\apache\atlas\repository\store\graph\AtlasEntityStore.java,102
D:\program\SC_Related\git_tag\atlas\repository\src\main\java\org\apache\atlas\GraphTransactionInterceptor.java,77
D:\program\SC_Related\git_tag\atlas\repository\src\main\java\org\apache\atlas\repository\audit\EntityAuditListenerV2.java,87
D:\program\SC_Related\git_tag\atlas\webapp\src\main\java\org\apache\atlas\web\filters\AtlasKnoxSSOAuthenticationFilter.java,83
D:\program\SC_Related\git_tag\atlas\repository\src\main\java\org\apache\atlas\repository\store\graph\v1\SoftDeleteHandlerV1.java,87
D:\program\SC_Related\git_tag\atlas\repository\src\main\java\org\apache\atlas\repository\store\graph\v1\DeleteHandlerV1.java,14
D:\program\SC_Related\git_tag\atlas\repository\src\main\java\org\apache\atlas\query\antlr4\AtlasDSLParserVisitor.java,99
D:\program\SC_Related\git_tag\atlas\addons\storm-bridge\src\test\java\org\apache\atlas\storm\hook\StormAtlasHookIT.java,62
D:\program\SC_Related\git_tag\atlas\webapp\src\main\java\org\apache\atlas\util\CredentialProviderUtility.java,15
D:\program\SC_Related\git_tag\atlas\server-api\src\main\java\org\apache\atlas\listener\TypesChangeListener.java,66
D:\program\SC_Related\git_tag\atlas\intg\src\main\java\org\apache\atlas\security\InMemoryJAASConfiguration.java,43
D:\program\SC_Related\git_tag\atlas\intg\src\test\java\org\apache\atlas\model\typedef\TestAtlasEnumDef.java,18
D:\program\SC_Related\git_tag\atlas\intg\src\test\java\org\apache\atlas\type\TestAtlasBooleanType.java,16
D:\program\SC_Related\git_tag\atlas\intg\src\main\java\org\apache\atlas\model\discovery\AtlasSearchResult.java,21
D:\program\SC_Related\git_tag\atlas\intg\src\main\java\org\apache\atlas\listener\TypeDefChangeListener.java,103
D:\program\SC_Related\git_tag\atlas\webapp\src\test\java\org\apache\atlas\web\security\SSLAndKerberosTest.java,58
D:\program\SC_Related\git_tag\atlas\graphdb\janus\src\main\java\org\apache\atlas\repository\graphdb\janus\graphson\AtlasGraphSONTokens.java,44
D:\program\SC_Related\git_tag\atlas\intg\src\main\java\org\apache\atlas\v1\model\typedef\TypesDef.java,81
D:\program\SC_Related\git_tag\atlas\addons\falcon-bridge\src\main\java\org\apache\atlas\falcon\hook\FalconHook.java,65
D:\program\SC_Related\git_tag\atlas\common\src\main\java\org\apache\atlas\ha\HAConfiguration.java,15
D:\program\SC_Related\git_tag\atlas\graphdb\api\src\main\java\org\apache\atlas\repository\graphdb\AtlasVertex.java,33
D:\program\SC_Related\git_tag\atlas\repository\src\main\java\org\apache\atlas\discovery\ClassificationSearchProcessor.java,50
D:\program\SC_Related\git_tag\atlas\addons\sqoop-bridge\src\main\java\org\apache\atlas\sqoop\hook\SqoopHook.java,23
D:\program\SC_Related\git_tag\atlas\intg\src\main\java\org\apache\atlas\utils\AuthenticationUtil.java,64
D:\program\SC_Related\git_tag\atlas\graphdb\janus\src\main\java\org\apache\atlas\repository\graphdb\janus\AtlasJanusEdge.java,90
D:\program\SC_Related\git_tag\atlas\common\src\main\java\org\apache\atlas\groovy\GroovyExpression.java,70
D:\program\SC_Related\git_tag\atlas\webapp\src\test\java\org\apache\atlas\web\resources\AdminResourceTest.java,57
D:\program\SC_Related\git_tag\atlas\graphdb\janus\src\test\java\org\apache\atlas\repository\graphdb\janus\GraphQueryTest.java,27
D:\program\SC_Related\git_tag\atlas\repository\src\main\java\org\apache\atlas\repository\impexp\ImportTransformer.java,36
D:\program\SC_Related\git_tag\atlas\graphdb\janus\src\main\java\org\apache\atlas\repository\graphdb\janus\AtlasJanusElement.java,14
D:\program\SC_Related\git_tag\atlas\addons\sqoop-bridge\src\main\java\org\apache\atlas\sqoop\model\SqoopDataTypes.java,10
D:\program\SC_Related\git_tag\atlas\common\src\main\java\org\apache\atlas\annotation\GraphTransaction.java,48
D:\program\SC_Related\git_tag\atlas\repository\src\main\java\org\apache\atlas\repository\impexp\AuditsWriter.java,87
D:\program\SC_Related\git_tag\atlas\intg\src\main\java\org\apache\atlas\entitytransform\BaseEntityHandler.java,13
D:\program\SC_Related\git_tag\atlas\repository\src\test\java\org\apache\atlas\repository\impexp\TypeAttributeDifferenceTest.java,69
D:\program\SC_Related\git_tag\atlas\repository\src\main\java\org\apache\atlas\repository\graph\GraphBackedSearchIndexer.java,46
D:\program\SC_Related\git_tag\atlas\repository\src\main\java\org\apache\atlas\repository\store\graph\AtlasTypeDefGraphStore.java,107
D:\program\SC_Related\git_tag\atlas\repository\src\test\java\org\apache\atlas\repository\store\graph\v2\AtlasRelationshipStoreHardDeleteV2Test.java,60
D:\program\SC_Related\git_tag\atlas\intg\src\main\java\org\apache\atlas\model\typedef\AtlasBaseTypeDef.java,21
D:\program\SC_Related\git_tag\atlas\repository\src\main\java\org\apache\atlas\repository\converters\AtlasMapFormatConverter.java,46
D:\program\SC_Related\git_tag\atlas\repository\src\main\java\org\apache\atlas\repository\audit\EntityAuditListener.java,41
D:\program\SC_Related\git_tag\atlas\webapp\src\main\java\org\apache\atlas\examples\QuickStartV2.java,3
D:\program\SC_Related\git_tag\atlas\webapp\src\main\java\org\apache\atlas\web\filters\NullServletContext.java,108
D:\program\SC_Related\git_tag\atlas\repository\src\test\java\org\apache\atlas\repository\impexp\ImportTransformsTest.java,102
D:\program\SC_Related\git_tag\atlas\addons\storm-bridge\src\main\java\org\apache\atlas\storm\model\StormDataTypes.java,6
D:\program\SC_Related\git_tag\atlas\graphdb\janus\src\main\java\org\apache\atlas\repository\graphdb\janus\AtlasJanusGraphManagement.java,89
D:\program\SC_Related\git_tag\atlas\repository\src\test\java\org\apache\atlas\glossary\GlossaryServiceTest.java,0
D:\program\SC_Related\git_tag\atlas\graphdb\janus\src\test\java\org\apache\atlas\repository\graphdb\janus\migration\BaseUtils.java,11
D:\program\SC_Related\git_tag\atlas\intg\src\main\java\org\apache\atlas\model\legacy\EntityResult.java,55
D:\program\SC_Related\git_tag\atlas\intg\src\main\java\org\apache\atlas\v1\model\instance\AtlasSystemAttributes.java,28
D:\program\SC_Related\git_tag\atlas\intg\src\main\java\org\apache\atlas\model\glossary\enums\AtlasTermRelationshipStatus.java,49
D:\program\SC_Related\git_tag\atlas\graphdb\janus\src\test\java\org\apache\atlas\repository\graphdb\janus\AbstractGraphDatabaseTest.java,41
D:\program\SC_Related\git_tag\atlas\notification\src\test\java\org\apache\atlas\notification\MessageVersionTest.java,60
D:\program\SC_Related\git_tag\atlas\repository\src\test\java\org\apache\atlas\repository\store\graph\v2\AtlasEntityTestBase.java,107
D:\program\SC_Related\git_tag\atlas\intg\src\main\java\org\apache\atlas\v1\model\typedef\Multiplicity.java,4
D:\program\SC_Related\git_tag\atlas\webapp\src\main\java\org\apache\atlas\web\params\DateTimeParam.java,66
D:\program\SC_Related\git_tag\atlas\graphdb\janus\src\test\java\org\apache\atlas\repository\graphdb\janus\JanusGraphProviderTest.java,8
D:\program\SC_Related\git_tag\atlas\webapp\src\test\java\org\apache\atlas\web\integration\EntityLineageJerseyResourceIT.java,100
D:\program\SC_Related\git_tag\atlas\addons\kafka-bridge\src\test\java\org\apache\atlas\kafka\bridge\KafkaBridgeTest.java,40
D:\program\SC_Related\git_tag\atlas\intg\src\main\java\org\apache\atlas\model\TypeCategory.java,85
D:\program\SC_Related\git_tag\atlas\webapp\src\test\java\org\apache\atlas\web\integration\BaseResourceIT.java,107
D:\program\SC_Related\git_tag\atlas\intg\src\main\java\org\apache\atlas\store\DeleteType.java,31
D:\program\SC_Related\git_tag\atlas\intg\src\main\java\org\apache\atlas\store\AtlasTypeDefStore.java,69
D:\program\SC_Related\git_tag\atlas\intg\src\main\java\org\apache\atlas\v1\model\typedef\EnumTypeDefinition.java,18
D:\program\SC_Related\git_tag\atlas\repository\src\main\java\org\apache\atlas\repository\impexp\ImportTransformsShaper.java,46
D:\program\SC_Related\git_tag\atlas\intg\src\main\java\org\apache\atlas\v1\model\notification\HookNotificationV1.java,21
D:\program\SC_Related\git_tag\atlas\repository\src\main\java\org\apache\atlas\util\IndexedInstance.java,89
D:\program\SC_Related\git_tag\atlas\client\common\src\main\java\org\apache\atlas\ResourceCreator.java,47
D:\program\SC_Related\git_tag\atlas\repository\src\test\java\org\apache\atlas\repository\impexp\AtlasServerServiceTest.java,100
D:\program\SC_Related\git_tag\atlas\intg\src\main\java\org\apache\atlas\v1\model\typedef\ClassTypeDefinition.java,55
D:\program\SC_Related\git_tag\atlas\addons\falcon-bridge\src\main\java\org\apache\atlas\falcon\Util\EventUtil.java,28
D:\program\SC_Related\git_tag\atlas\repository\src\test\java\org\apache\atlas\repository\impexp\ReplicationEntityAttributeTest.java,72
D:\program\SC_Related\git_tag\atlas\intg\src\main\java\org\apache\atlas\type\AtlasStructType.java,19
D:\program\SC_Related\git_tag\atlas\intg\src\main\java\org\apache\atlas\model\instance\AtlasEntityHeaders.java,55
D:\program\SC_Related\git_tag\atlas\common\src\main\java\org\apache\atlas\annotation\AtlasService.java,48
D:\program\SC_Related\git_tag\atlas\repository\src\test\java\org\apache\atlas\repository\audit\CassandraAuditRepositoryTest.java,47
D:\program\SC_Related\git_tag\atlas\intg\src\main\java\org\apache\atlas\model\instance\AtlasStruct.java,21
D:\program\SC_Related\git_tag\atlas\intg\src\test\java\org\apache\atlas\model\typedef\TestAtlasClassificationDef.java,60
D:\program\SC_Related\git_tag\atlas\graphdb\janus\src\main\java\org\apache\atlas\repository\graphdb\janus\migration\ElementProcessors.java,14
D:\program\SC_Related\git_tag\atlas\intg\src\test\java\org\apache\atlas\security\InMemoryJAASConfigurationTest.java,100
D:\program\SC_Related\git_tag\atlas\addons\hbase-bridge\src\main\java\org\apache\atlas\hbase\model\HBaseDataTypes.java,4
D:\program\SC_Related\git_tag\atlas\repository\src\main\java\org\apache\atlas\repository\store\graph\v2\AtlasEntityStream.java,9
D:\program\SC_Related\git_tag\atlas\graphdb\api\src\main\java\org\apache\atlas\repository\graphdb\AtlasSchemaViolationException.java,34
D:\program\SC_Related\git_tag\atlas\graphdb\janus\src\main\java\org\apache\atlas\repository\graphdb\janus\migration\TypesDefScrubber.java,69
D:\program\SC_Related\git_tag\atlas\addons\storm-bridge\src\test\java\org\apache\atlas\storm\hook\StormTestUtil.java,6
D:\program\SC_Related\git_tag\atlas\graphdb\janus\src\main\java\org\apache\atlas\repository\graphdb\janus\migration\ReaderStatusManager.java,77
D:\program\SC_Related\git_tag\atlas\addons\hive-bridge\src\main\java\org\apache\atlas\hive\hook\HiveHook.java,80
D:\program\SC_Related\git_tag\atlas\addons\hive-bridge\src\main\java\org\apache\atlas\hive\hook\events\AlterTableRename.java,9
D:\program\SC_Related\git_tag\atlas\webapp\src\main\java\org\apache\atlas\web\security\PamLoginModule.java,47
D:\program\SC_Related\git_tag\atlas\addons\hive-bridge\src\test\java\org\apache\atlas\hive\bridge\HiveMetaStoreBridgeTest.java,80
D:\program\SC_Related\git_tag\atlas\repository\src\test\java\org\apache\atlas\repository\migration\TypesWithClassificationTest.java,45
D:\program\SC_Related\git_tag\atlas\graphdb\janus\src\main\java\org\apache\atlas\repository\graphdb\janus\GraphDbObjectFactory.java,90
D:\program\SC_Related\git_tag\atlas\webapp\src\test\java\org\apache\atlas\web\service\CuratorFactoryTest.java,2
D:\program\SC_Related\git_tag\atlas\intg\src\test\java\org\apache\atlas\model\instance\TestAtlasEntity.java,79
D:\program\SC_Related\git_tag\atlas\repository\src\test\java\org\apache\atlas\repository\audit\AuditRepositoryTestBase.java,28
D:\program\SC_Related\git_tag\atlas\webapp\src\main\java\org\apache\atlas\web\resources\TypesResource.java,57
D:\program\SC_Related\git_tag\atlas\common\src\main\java\org\apache\atlas\groovy\TernaryOperatorExpression.java,70
D:\program\SC_Related\git_tag\atlas\plugin-classloader\src\main\java\org\apache\atlas\plugin\classloader\AtlasPluginClassLoader.java,8
D:\program\SC_Related\git_tag\atlas\common\src\main\java\org\apache\atlas\groovy\ComparisonExpression.java,70
D:\program\SC_Related\git_tag\atlas\addons\hive-bridge\src\main\java\org\apache\atlas\hive\model\HiveDataTypes.java,103
D:\program\SC_Related\git_tag\atlas\notification\src\test\java\org\apache\atlas\notification\SplitMessageAggregatorTest.java,42
D:\program\SC_Related\git_tag\atlas\webapp\src\test\java\org\apache\atlas\web\service\ServiceStateTest.java,22
D:\program\SC_Related\git_tag\atlas\addons\hive-bridge\src\main\java\org\apache\atlas\hive\bridge\HiveMetaStoreBridge.java,3
D:\program\SC_Related\git_tag\atlas\graphdb\janus\src\main\java\org\janusgraph\diskstorage\solr\Solr6Index.java,102
D:\program\SC_Related\git_tag\atlas\webapp\src\main\java\org\apache\atlas\web\resources\DataSetLineageResource.java,53
D:\program\SC_Related\git_tag\atlas\common\src\main\java\org\apache\atlas\CommonConfiguration.java,8
D:\program\SC_Related\git_tag\atlas\repository\src\main\java\org\apache\atlas\repository\ogm\glossary\AtlasGlossaryTermDTO.java,0
D:\program\SC_Related\git_tag\atlas\repository\src\test\java\org\apache\atlas\repository\tagpropagation\ClassificationPropagationTest.java,62
D:\program\SC_Related\git_tag\atlas\webapp\src\test\java\org\apache\atlas\web\integration\TypesJerseyResourceIT.java,107
D:\program\SC_Related\git_tag\atlas\repository\src\test\java\org\apache\atlas\repository\migration\MigrationProgressServiceTest.java,77
D:\program\SC_Related\git_tag\atlas\repository\src\main\java\org\apache\atlas\repository\store\graph\v2\AtlasClassificationDefStoreV2.java,107
D:\program\SC_Related\git_tag\atlas\webapp\src\main\java\org\apache\atlas\web\resources\AdminResource.java,57
D:\program\SC_Related\git_tag\atlas\graphdb\api\src\main\java\org\apache\atlas\repository\graphdb\GremlinVersion.java,13
D:\program\SC_Related\git_tag\atlas\notification\src\main\java\org\apache\atlas\notification\NotificationConsumer.java,38
D:\program\SC_Related\git_tag\atlas\addons\falcon-bridge\src\main\java\org\apache\atlas\falcon\service\AtlasService.java,65
D:\program\SC_Related\git_tag\atlas\webapp\src\main\java\org\apache\atlas\web\filters\AuditFilter.java,57
D:\program\SC_Related\git_tag\atlas\repository\src\main\java\org\apache\atlas\repository\impexp\ZipExportFileNames.java,101
D:\program\SC_Related\git_tag\atlas\webapp\src\main\java\org\apache\atlas\web\util\LineageUtils.java,37
D:\program\SC_Related\git_tag\atlas\notification\src\test\java\org\apache\atlas\notification\hook\HookNotificationDeserializerTest.java,97
D:\program\SC_Related\git_tag\atlas\intg\src\main\java\org\apache\atlas\model\impexp\AtlasImportRequest.java,5
D:\program\SC_Related\git_tag\atlas\webapp\src\main\java\org\apache\atlas\web\setup\SetupSteps.java,2
D:\program\SC_Related\git_tag\atlas\repository\src\main\java\org\apache\atlas\util\AttributeValueMap.java,89
D:\program\SC_Related\git_tag\atlas\graphdb\janus\src\main\java\org\apache\atlas\repository\graphdb\janus\AtlasJanusGraph.java,14
D:\program\SC_Related\git_tag\atlas\graphdb\janus\src\main\java\org\apache\atlas\repository\graphdb\janus\serializer\BigIntegerSerializer.java,95
D:\program\SC_Related\git_tag\atlas\repository\src\main\java\org\apache\atlas\query\GremlinQuery.java,52
D:\program\SC_Related\git_tag\atlas\webapp\src\test\java\org\apache\atlas\examples\QuickStartIT.java,45
D:\program\SC_Related\git_tag\atlas\webapp\src\main\java\org\apache\atlas\web\errors\ExceptionMapperUtil.java,97
D:\program\SC_Related\git_tag\atlas\repository\src\main\java\org\apache\atlas\repository\store\graph\v2\AtlasEntityStoreV2.java,3
D:\program\SC_Related\git_tag\atlas\webapp\src\main\java\org\apache\atlas\web\service\UserService.java,25
D:\program\SC_Related\git_tag\atlas\repository\src\main\java\org\apache\atlas\glossary\GlossaryService.java,32
D:\program\SC_Related\git_tag\atlas\repository\src\main\java\org\apache\atlas\repository\store\bootstrap\AtlasTypeDefStoreInitializer.java,46
D:\program\SC_Related\git_tag\atlas\graphdb\janus\src\main\java\org\apache\atlas\repository\graphdb\janus\migration\AtlasGraphSONReader.java,77
D:\program\SC_Related\git_tag\atlas\notification\src\test\java\org\apache\atlas\notification\hook\HookNotificationTest.java,19
D:\program\SC_Related\git_tag\atlas\webapp\src\main\java\org\apache\atlas\web\errors\AtlasBaseExceptionMapper.java,75
D:\program\SC_Related\git_tag\atlas\intg\src\test\java\org\apache\atlas\entitytransform\TransformationHandlerTest.java,102
D:\program\SC_Related\git_tag\atlas\intg\src\main\java\org\apache\atlas\v1\model\typedef\AttributeDefinition.java,32
D:\program\SC_Related\git_tag\atlas\common\src\main\java\org\apache\atlas\groovy\GroovyGenerationContext.java,78
D:\program\SC_Related\git_tag\atlas\repository\src\test\java\org\apache\atlas\repository\store\graph\v2\AtlasRelationshipStoreSoftDeleteV2Test.java,60
D:\program\SC_Related\git_tag\atlas\intg\src\test\java\org\apache\atlas\type\TestAtlasDateType.java,16
D:\program\SC_Related\git_tag\atlas\repository\src\main\java\org\apache\atlas\query\RegistryBasedLookup.java,36
D:\program\SC_Related\git_tag\atlas\addons\hbase-bridge\src\main\java\org\apache\atlas\hbase\bridge\HBaseBridge.java,102
D:\program\SC_Related\git_tag\atlas\graphdb\janus\src\main\java\org\apache\atlas\repository\graphdb\janus\migration\GraphSONTokensTP2.java,44
D:\program\SC_Related\git_tag\atlas\intg\src\test\java\org\apache\atlas\type\TestAtlasIntType.java,16
D:\program\SC_Related\git_tag\atlas\intg\src\main\java\org\apache\atlas\model\typedef\AtlasEnumDef.java,21
D:\program\SC_Related\git_tag\atlas\authorization\src\main\java\org\apache\atlas\authorize\AtlasAuthorizationException.java,1
D:\program\SC_Related\git_tag\atlas\intg\src\main\java\org\apache\atlas\model\audit\EntityAuditEventV2.java,87
D:\program\SC_Related\git_tag\atlas\graphdb\api\src\main\java\org\apache\atlas\repository\graphdb\AtlasGraphManagement.java,89
D:\program\SC_Related\git_tag\atlas\repository\src\main\java\org\apache\atlas\repository\store\graph\v2\AtlasEntityGraphDiscoveryV2.java,36
D:\program\SC_Related\git_tag\atlas\webapp\src\test\java\org\apache\atlas\web\security\NegativeSSLAndKerberosTest.java,58
