D:\program\SC_Related\git_tag\atlas\common\src\main\java\org\apache\atlas\groovy\FieldExpression.java,298
D:\program\SC_Related\git_tag\atlas\repository\src\test\java\org\apache\atlas\repository\impexp\ZipSinkTest.java,27
D:\program\SC_Related\git_tag\atlas\intg\src\main\java\org\apache\atlas\listener\EntityChangeListenerV2.java,77
D:\program\SC_Related\git_tag\atlas\webapp\src\test\java\org\apache\atlas\web\listeners\LoginProcessorIT.java,379
D:\program\SC_Related\git_tag\atlas\intg\src\main\java\org\apache\atlas\model\instance\AtlasObjectId.java,8
D:\program\SC_Related\git_tag\atlas\repository\src\test\java\org\apache\atlas\repository\store\graph\v2\AtlasComplexAttributesTest.java,349
D:\program\SC_Related\git_tag\atlas\intg\src\main\java\org\apache\atlas\model\annotation\AtlasJSON.java,261
D:\program\SC_Related\git_tag\atlas\authorization\src\main\java\org\apache\atlas\authorize\AtlasAuthorizationUtils.java,222
D:\program\SC_Related\git_tag\atlas\repository\src\test\java\org\apache\atlas\repository\migration\HiveStocksTest.java,30
D:\program\SC_Related\git_tag\atlas\repository\src\test\java\org\apache\atlas\repository\impexp\ExportSkipLineageTest.java,88
D:\program\SC_Related\git_tag\atlas\addons\hive-bridge\src\test\java\org\apache\atlas\hive\hook\HiveHookIT.java,48
D:\program\SC_Related\git_tag\atlas\repository\src\main\java\org\apache\atlas\repository\store\graph\v2\ClassificationAssociator.java,388
D:\program\SC_Related\git_tag\atlas\graphdb\janus\src\main\java\org\apache\atlas\repository\graphdb\janus\graphson\AtlasElementPropertyConfig.java,219
D:\program\SC_Related\git_tag\atlas\addons\storm-bridge-shim\src\main\java\org\apache\atlas\storm\hook\StormAtlasHook.java,381
D:\program\SC_Related\git_tag\atlas\intg\src\main\java\org\apache\atlas\exception\AtlasBaseException.java,338
D:\program\SC_Related\git_tag\atlas\repository\src\main\java\org\apache\atlas\repository\ogm\profiles\AtlasUserProfileDTO.java,11
D:\program\SC_Related\git_tag\atlas\graphdb\api\src\main\java\org\apache\atlas\repository\graphdb\AtlasGraphTraversalSource.java,106
D:\program\SC_Related\git_tag\atlas\repository\src\main\java\org\apache\atlas\repository\impexp\ExportService.java,48
D:\program\SC_Related\git_tag\atlas\addons\falcon-bridge-shim\src\main\java\org\apache\atlas\falcon\service\AtlasService.java,58
D:\program\SC_Related\git_tag\atlas\notification\src\test\java\org\apache\atlas\kafka\KafkaNotificationTest.java,154
D:\program\SC_Related\git_tag\atlas\common\src\main\java\org\apache\atlas\utils\PropertiesUtil.java,210
D:\program\SC_Related\git_tag\atlas\addons\hive-bridge\src\main\java\org\apache\atlas\hive\hook\events\AlterTableRenameCol.java,183
D:\program\SC_Related\git_tag\atlas\webapp\src\main\java\org\apache\atlas\web\errors\AllExceptionMapper.java,126
D:\program\SC_Related\git_tag\atlas\addons\kafka-bridge\src\main\java\org\apache\atlas\kafka\bridge\KafkaBridge.java,177
D:\program\SC_Related\git_tag\atlas\repository\src\main\java\org\apache\atlas\repository\ogm\DataTransferObject.java,151
D:\program\SC_Related\git_tag\atlas\webapp\src\test\java\org\apache\atlas\web\service\ActiveInstanceStateTest.java,17
D:\program\SC_Related\git_tag\atlas\webapp\src\test\java\org\apache\atlas\web\filters\AuditFilterTest.java,207
D:\program\SC_Related\git_tag\atlas\intg\src\test\java\org\apache\atlas\type\TestAtlasStructType.java,240
D:\program\SC_Related\git_tag\atlas\authorization\src\main\java\org\apache\atlas\authorize\AtlasNoneAuthorizer.java,358
D:\program\SC_Related\git_tag\atlas\client\client-v1\src\main\java\org\apache\atlas\EntityAuditEvent.java,2
D:\program\SC_Related\git_tag\atlas\repository\src\main\java\org\apache\atlas\repository\audit\CassandraBasedAuditRepository.java,289
D:\program\SC_Related\git_tag\atlas\common\src\main\java\org\apache\atlas\groovy\VariableAssignmentExpression.java,298
D:\program\SC_Related\git_tag\atlas\webapp\src\main\java\org\apache\atlas\web\service\ActiveInstanceElectorService.java,363
D:\program\SC_Related\git_tag\atlas\repository\src\test\java\org\apache\atlas\repository\impexp\IncrementalExportEntityProviderTest.java,272
D:\program\SC_Related\git_tag\atlas\webapp\src\main\java\org\apache\atlas\web\service\ServiceState.java,231
D:\program\SC_Related\git_tag\atlas\intg\src\test\java\org\apache\atlas\ApplicationPropertiesTest.java,163
D:\program\SC_Related\git_tag\atlas\addons\hive-bridge\src\main\java\org\apache\atlas\hive\hook\events\AlterDatabase.java,4
D:\program\SC_Related\git_tag\atlas\repository\src\main\java\org\apache\atlas\repository\store\graph\v2\AtlasEntityDefStoreV2.java,3
D:\program\SC_Related\git_tag\atlas\intg\src\main\java\org\apache\atlas\v1\model\lineage\LineageResponse.java,6
D:\program\SC_Related\git_tag\atlas\intg\src\test\java\org\apache\atlas\type\TestAtlasBigIntegerType.java,29
D:\program\SC_Related\git_tag\atlas\webapp\src\main\java\org\apache\atlas\web\service\AtlasZookeeperSecurityProperties.java,64
D:\program\SC_Related\git_tag\atlas\graphdb\api\src\main\java\org\apache\atlas\repository\graphdb\AtlasVertexQuery.java,397
D:\program\SC_Related\git_tag\atlas\repository\src\main\java\org\apache\atlas\repository\graph\AtlasGraphProvider.java,233
D:\program\SC_Related\git_tag\atlas\client\client-v2\src\main\java\org\apache\atlas\AtlasClientV2.java,39
D:\program\SC_Related\git_tag\atlas\intg\src\main\java\org\apache\atlas\AtlasException.java,114
D:\program\SC_Related\git_tag\atlas\repository\src\test\java\org\apache\atlas\services\MetricsServiceTest.java,96
D:\program\SC_Related\git_tag\atlas\webapp\src\test\java\org\apache\atlas\web\integration\DataSetLineageJerseyResourceIT.java,164
D:\program\SC_Related\git_tag\atlas\repository\src\test\java\org\apache\atlas\repository\impexp\AtlasImportRequestTest.java,295
D:\program\SC_Related\git_tag\atlas\webapp\src\test\java\org\apache\atlas\web\setup\SetupStepsTest.java,17
D:\program\SC_Related\git_tag\atlas\authorization\src\main\java\org\apache\atlas\authorize\AtlasRelationshipAccessRequest.java,274
D:\program\SC_Related\git_tag\atlas\repository\src\main\java\org\apache\atlas\repository\store\graph\v2\BulkImporterImpl.java,353
D:\program\SC_Related\git_tag\atlas\intg\src\main\java\org\apache\atlas\listener\ChangedTypeDefs.java,362
D:\program\SC_Related\git_tag\atlas\webapp\src\main\java\org\apache\atlas\LocalServletRequest.java,391
D:\program\SC_Related\git_tag\atlas\repository\src\main\java\org\apache\atlas\repository\util\UniqueList.java,234
D:\program\SC_Related\git_tag\atlas\repository\src\test\java\org\apache\atlas\repository\impexp\ZipFileResourceTestUtils.java,88
D:\program\SC_Related\git_tag\atlas\common\src\main\java\org\apache\atlas\AtlasConstants.java,400
D:\program\SC_Related\git_tag\atlas\repository\src\main\java\org\apache\atlas\discovery\EntitySearchProcessor.java,93
D:\program\SC_Related\git_tag\atlas\intg\src\main\java\org\apache\atlas\model\impexp\AtlasExportResult.java,194
D:\program\SC_Related\git_tag\atlas\repository\src\main\java\org\apache\atlas\repository\store\graph\v2\IDBasedEntityResolver.java,178
D:\program\SC_Related\git_tag\atlas\intg\src\test\java\org\apache\atlas\security\InMemoryJAASConfigurationTicketBasedKafkaClientTest.java,378
D:\program\SC_Related\git_tag\atlas\webapp\src\main\java\org\apache\atlas\web\security\AtlasLdapAuthenticationProvider.java,375
D:\program\SC_Related\git_tag\atlas\repository\src\test\java\org\apache\atlas\repository\impexp\ExportImportTestBase.java,88
D:\program\SC_Related\git_tag\atlas\repository\src\test\java\org\apache\atlas\repository\migration\RelationshipCacheGeneratorTest.java,40
D:\program\SC_Related\git_tag\atlas\repository\src\main\java\org\apache\atlas\discovery\EntityLineageService.java,75
D:\program\SC_Related\git_tag\atlas\notification\src\main\java\org\apache\atlas\hook\AtlasHook.java,33
D:\program\SC_Related\git_tag\atlas\client\common\src\main\java\org\apache\atlas\AtlasServerEnsemble.java,277
D:\program\SC_Related\git_tag\atlas\repository\src\main\java\org\apache\atlas\query\DSLVisitor.java,50
D:\program\SC_Related\git_tag\atlas\repository\src\test\java\org\apache\atlas\repository\impexp\ImportTransformerJSONTest.java,73
D:\program\SC_Related\git_tag\atlas\addons\falcon-bridge\src\test\java\org\apache\atlas\falcon\hook\FalconHookIT.java,105
D:\program\SC_Related\git_tag\atlas\intg\src\test\java\org\apache\atlas\type\TestAtlasBuiltInTypesFloatDouble.java,359
D:\program\SC_Related\git_tag\atlas\repository\src\main\java\org\apache\atlas\query\antlr4\AtlasDSLLexer.java,399
D:\program\SC_Related\git_tag\atlas\repository\src\test\java\org\apache\atlas\repository\impexp\ImportTransformerTest.java,12
D:\program\SC_Related\git_tag\atlas\repository\src\test\java\org\apache\atlas\repository\store\graph\v2\AtlasRelationshipDefStoreV2Test.java,47
D:\program\SC_Related\git_tag\atlas\repository\src\main\java\org\apache\atlas\repository\audit\NoopEntityAuditRepository.java,382
D:\program\SC_Related\git_tag\atlas\repository\src\test\java\org\apache\atlas\repository\migration\TypesDefScrubberTest.java,279
D:\program\SC_Related\git_tag\atlas\intg\src\main\java\org\apache\atlas\entitytransform\TransformerContext.java,273
D:\program\SC_Related\git_tag\atlas\intg\src\main\java\org\apache\atlas\model\lineage\AtlasLineageInfo.java,75
D:\program\SC_Related\git_tag\atlas\repository\src\main\java\org\apache\atlas\services\MetricsService.java,96
D:\program\SC_Related\git_tag\atlas\authorization\src\main\java\org\apache\atlas\authorize\AtlasAuthorizer.java,358
D:\program\SC_Related\git_tag\atlas\webapp\src\test\java\org\apache\atlas\notification\AdaptiveWaiterTest.java,323
D:\program\SC_Related\git_tag\atlas\webapp\src\main\java\org\apache\atlas\web\util\AtlasJsonProvider.java,239
D:\program\SC_Related\git_tag\atlas\graphdb\common\src\main\java\org\apache\atlas\repository\graphdb\tinkerpop\query\TinkerpopGraphQuery.java,95
D:\program\SC_Related\git_tag\atlas\webapp\src\test\java\org\apache\atlas\web\integration\AdminJerseyResourceIT.java,55
D:\program\SC_Related\git_tag\atlas\graphdb\janus\src\test\java\org\apache\atlas\repository\graphdb\janus\migration\ReaderStatusManagerTest.java,66
D:\program\SC_Related\git_tag\atlas\common\src\main\java\org\apache\atlas\groovy\ListExpression.java,298
D:\program\SC_Related\git_tag\atlas\graphdb\janus\src\main\java\org\apache\atlas\repository\graphdb\janus\serializer\BigDecimalSerializer.java,38
D:\program\SC_Related\git_tag\atlas\common\src\main\java\org\apache\atlas\groovy\TraversalStepType.java,380
D:\program\SC_Related\git_tag\atlas\repository\src\test\java\org\apache\atlas\repository\migration\MigrationBaseAsserts.java,30
D:\program\SC_Related\git_tag\atlas\notification\src\main\java\org\apache\atlas\hook\AtlasHookException.java,114
D:\program\SC_Related\git_tag\atlas\repository\src\main\java\org\apache\atlas\util\AtlasGremlin2QueryProvider.java,42
D:\program\SC_Related\git_tag\atlas\intg\src\main\java\org\apache\atlas\AtlasConfiguration.java,346
D:\program\SC_Related\git_tag\atlas\common\src\main\java\org\apache\atlas\groovy\IdentifierExpression.java,51
D:\program\SC_Related\git_tag\atlas\intg\src\main\java\org\apache\atlas\model\glossary\AtlasGlossaryCategory.java,24
D:\program\SC_Related\git_tag\atlas\server-api\src\main\java\org\apache\atlas\setup\SetupStep.java,327
D:\program\SC_Related\git_tag\atlas\graphdb\janus\src\main\java\org\apache\atlas\repository\graphdb\janus\AtlasJanusVertex.java,21
D:\program\SC_Related\git_tag\atlas\graphdb\common\src\main\java\org\apache\atlas\repository\graphdb\tinkerpop\query\expr\InPredicate.java,20
D:\program\SC_Related\git_tag\atlas\intg\src\main\java\org\apache\atlas\ApplicationProperties.java,163
D:\program\SC_Related\git_tag\atlas\graphdb\api\src\main\java\org\apache\atlas\repository\graphdb\AtlasGraph.java,367
D:\program\SC_Related\git_tag\atlas\webapp\src\main\java\org\apache\atlas\notification\NotificationHookConsumer.java,33
D:\program\SC_Related\git_tag\atlas\webapp\src\test\java\org\apache\atlas\examples\QuickStartV2IT.java,164
D:\program\SC_Related\git_tag\atlas\webapp\src\main\java\org\apache\atlas\web\filters\AtlasAuthenticationEntryPoint.java,9
D:\program\SC_Related\git_tag\atlas\repository\src\test\java\org\apache\atlas\repository\store\graph\AtlasTypeDefGraphStoreTest.java,3
D:\program\SC_Related\git_tag\atlas\graphdb\janus\src\main\java\org\apache\atlas\repository\graphdb\janus\serializer\TypeCategorySerializer.java,301
D:\program\SC_Related\git_tag\atlas\intg\src\main\java\org\apache\atlas\model\glossary\enums\AtlasTermAssignmentStatus.java,271
D:\program\SC_Related\git_tag\atlas\webapp\src\main\java\org\apache\atlas\web\rest\EntityREST.java,281
D:\program\SC_Related\git_tag\atlas\repository\src\test\java\org\apache\atlas\utils\TestResourceFileUtils.java,37
D:\program\SC_Related\git_tag\atlas\webapp\src\main\java\org\apache\atlas\web\security\AtlasAuthenticationSuccessHandler.java,9
D:\program\SC_Related\git_tag\atlas\repository\src\main\java\org\apache\atlas\discovery\TermSearchProcessor.java,270
D:\program\SC_Related\git_tag\atlas\plugin-classloader\src\main\java\org\apache\atlas\plugin\classloader\AtlasPluginClassLoaderUtil.java,37
D:\program\SC_Related\git_tag\atlas\repository\src\main\java\org\apache\atlas\repository\migration\DataMigrationService.java,332
D:\program\SC_Related\git_tag\atlas\repository\src\main\java\org\apache\atlas\repository\impexp\HdfsPathEntityCreator.java,7
D:\program\SC_Related\git_tag\atlas\repository\src\main\java\org\apache\atlas\repository\store\graph\v2\AtlasEntityStreamForImport.java,129
D:\program\SC_Related\git_tag\atlas\repository\src\main\java\org\apache\atlas\repository\store\graph\AtlasRelationshipStore.java,35
D:\program\SC_Related\git_tag\atlas\client\client-v1\src\test\java\org\apache\atlas\AtlasClientTest.java,102
D:\program\SC_Related\git_tag\atlas\intg\src\main\java\org\apache\atlas\model\instance\GuidMapping.java,264
D:\program\SC_Related\git_tag\atlas\addons\hive-bridge\src\main\java\org\apache\atlas\hive\hook\events\AlterTable.java,4
D:\program\SC_Related\git_tag\atlas\intg\src\main\java\org\apache\atlas\model\typedef\AtlasStructDef.java,8
D:\program\SC_Related\git_tag\atlas\repository\src\main\java\org\apache\atlas\repository\store\graph\v2\AtlasAbstractDefStoreV2.java,87
D:\program\SC_Related\git_tag\atlas\addons\falcon-bridge\src\main\java\org\apache\atlas\falcon\model\FalconDataTypes.java,350
D:\program\SC_Related\git_tag\atlas\repository\src\test\java\org\apache\atlas\repository\impexp\ExportServiceTest.java,88
D:\program\SC_Related\git_tag\atlas\webapp\src\test\java\org\apache\atlas\web\integration\BasicSearchIT.java,326
D:\program\SC_Related\git_tag\atlas\graphdb\janus\src\test\java\org\apache\atlas\repository\graphdb\janus\migration\WorkItemManagerTest.java,347
D:\program\SC_Related\git_tag\atlas\intg\src\test\java\org\apache\atlas\type\TestAtlasFloatType.java,29
D:\program\SC_Related\git_tag\atlas\webapp\src\test\java\org\apache\atlas\web\integration\EntityJerseyResourceIT.java,65
D:\program\SC_Related\git_tag\atlas\addons\hive-bridge\src\main\java\org\apache\atlas\hive\hook\events\BaseHiveEvent.java,48
D:\program\SC_Related\git_tag\atlas\common\src\main\java\org\apache\atlas\service\Services.java,371
D:\program\SC_Related\git_tag\atlas\graphdb\common\src\main\java\org\apache\atlas\repository\graphdb\tinkerpop\query\expr\OrCondition.java,95
D:\program\SC_Related\git_tag\atlas\addons\hive-bridge\src\main\java\org\apache\atlas\hive\hook\events\DropTable.java,4
D:\program\SC_Related\git_tag\atlas\intg\src\main\java\org\apache\atlas\type\AtlasTypeRegistry.java,40
D:\program\SC_Related\git_tag\atlas\intg\src\main\java\org\apache\atlas\type\AtlasEnumType.java,120
D:\program\SC_Related\git_tag\atlas\repository\src\test\java\org\apache\atlas\repository\store\graph\v2\InverseReferenceUpdateHardDeleteV2Test.java,100
D:\program\SC_Related\git_tag\atlas\notification\src\main\java\org\apache\atlas\notification\NotificationException.java,203
D:\program\SC_Related\git_tag\atlas\repository\src\main\java\org\apache\atlas\query\AtlasDSL.java,342
D:\program\SC_Related\git_tag\atlas\webapp\src\main\java\org\apache\atlas\web\rest\RelationshipREST.java,281
D:\program\SC_Related\git_tag\atlas\addons\falcon-bridge\src\main\java\org\apache\atlas\falcon\publisher\FalconEventPublisher.java,278
D:\program\SC_Related\git_tag\atlas\intg\src\test\java\org\apache\atlas\type\TestAtlasObjectIdType.java,29
D:\program\SC_Related\git_tag\atlas\common\src\main\java\org\apache\atlas\service\Service.java,208
D:\program\SC_Related\git_tag\atlas\graphdb\janus\src\main\java\org\apache\atlas\repository\graphdb\janus\AtlasJanusVertexQuery.java,21
D:\program\SC_Related\git_tag\atlas\repository\src\main\java\org\apache\atlas\repository\store\graph\v2\InMemoryMapEntityStream.java,287
D:\program\SC_Related\git_tag\atlas\graphdb\api\src\main\java\org\apache\atlas\repository\graphdb\AtlasEdgeDirection.java,243
D:\program\SC_Related\git_tag\atlas\intg\src\main\java\org\apache\atlas\model\typedef\AtlasRelationshipDef.java,47
D:\program\SC_Related\git_tag\atlas\repository\src\main\java\org\apache\atlas\util\AtlasRepositoryConfiguration.java,290
D:\program\SC_Related\git_tag\atlas\webapp\src\main\java\org\apache\atlas\notification\preprocessor\RdbmsPreprocessor.java,215
D:\program\SC_Related\git_tag\atlas\repository\src\main\java\org\apache\atlas\repository\converters\TypeConverterUtil.java,3
D:\program\SC_Related\git_tag\atlas\common\src\main\java\org\apache\atlas\groovy\LabeledExpression.java,298
D:\program\SC_Related\git_tag\atlas\notification\src\main\java\org\apache\atlas\notification\SplitMessageAggregator.java,90
D:\program\SC_Related\git_tag\atlas\repository\src\test\java\org\apache\atlas\repository\impexp\ExportImportAuditServiceTest.java,99
D:\program\SC_Related\git_tag\atlas\common\src\main\java\org\apache\atlas\utils\OnAtlasPropertyCondition.java,365
D:\program\SC_Related\git_tag\atlas\repository\src\test\java\org\apache\atlas\repository\impexp\ImportServiceTest.java,88
D:\program\SC_Related\git_tag\atlas\repository\src\main\java\org\apache\atlas\discovery\FullTextSearchProcessor.java,91
D:\program\SC_Related\git_tag\atlas\repository\src\main\java\org\apache\atlas\util\SearchPredicateUtil.java,361
D:\program\SC_Related\git_tag\atlas\graphdb\janus\src\main\java\org\apache\atlas\repository\graphdb\janus\AtlasJanusEdgeLabel.java,138
D:\program\SC_Related\git_tag\atlas\intg\src\main\java\org\apache\atlas\model\glossary\relations\AtlasRelatedTermHeader.java,160
D:\program\SC_Related\git_tag\atlas\intg\src\main\java\org\apache\atlas\model\metrics\AtlasMetrics.java,268
D:\program\SC_Related\git_tag\atlas\addons\hive-bridge\src\test\java\org\apache\atlas\hive\HiveITBase.java,48
D:\program\SC_Related\git_tag\atlas\intg\src\test\java\org\apache\atlas\TestRelationshipUtilsV2.java,45
D:\program\SC_Related\git_tag\atlas\webapp\src\test\java\org\apache\atlas\AtlasIT.java,318
D:\program\SC_Related\git_tag\atlas\intg\src\main\java\org\apache\atlas\security\SecurityProperties.java,97
D:\program\SC_Related\git_tag\atlas\webapp\src\main\java\org\apache\atlas\web\security\UserAuthorityGranter.java,293
D:\program\SC_Related\git_tag\atlas\repository\src\test\java\org\apache\atlas\repository\migration\TypesWithCollectionsFinderTest.java,40
D:\program\SC_Related\git_tag\atlas\graphdb\janus\src\main\java\org\apache\atlas\repository\graphdb\janus\migration\MappedElementCache.java,393
D:\program\SC_Related\git_tag\atlas\repository\src\main\java\org\apache\atlas\repository\ogm\profiles\AtlasSavedSearchDTO.java,11
D:\program\SC_Related\git_tag\atlas\repository\src\main\java\org\apache\atlas\query\antlr4\AtlasDSLParserBaseVisitor.java,69
D:\program\SC_Related\git_tag\atlas\graphdb\janus\src\main\java\org\apache\atlas\repository\graphdb\janus\migration\JsonNodeParsers.java,369
D:\program\SC_Related\git_tag\atlas\intg\src\main\java\org\apache\atlas\v1\model\typedef\StructTypeDefinition.java,1
D:\program\SC_Related\git_tag\atlas\repository\src\main\java\org\apache\atlas\repository\ogm\glossary\AtlasGlossaryCategoryDTO.java,170
D:\program\SC_Related\git_tag\atlas\intg\src\main\java\org\apache\atlas\entitytransform\Action.java,258
D:\program\SC_Related\git_tag\atlas\intg\src\test\java\org\apache\atlas\type\TestAtlasRelationshipType.java,47
D:\program\SC_Related\git_tag\atlas\webapp\src\main\java\org\apache\atlas\web\security\AtlasADAuthenticationProvider.java,85
D:\program\SC_Related\git_tag\atlas\common\src\main\java\org\apache\atlas\groovy\StatementListExpression.java,255
D:\program\SC_Related\git_tag\atlas\client\common\src\main\java\org\apache\atlas\AtlasBaseClient.java,39
D:\program\SC_Related\git_tag\atlas\repository\src\main\java\org\apache\atlas\query\Lookup.java,251
D:\program\SC_Related\git_tag\atlas\graphdb\janus\src\main\java\org\apache\atlas\repository\graphdb\janus\AtlasJanusObjectFactory.java,288
D:\program\SC_Related\git_tag\atlas\repository\src\main\java\org\apache\atlas\repository\ogm\ExportImportAuditEntryDTO.java,99
D:\program\SC_Related\git_tag\atlas\intg\src\main\java\org\apache\atlas\model\TimeBoundary.java,214
D:\program\SC_Related\git_tag\atlas\webapp\src\test\java\org\apache\atlas\web\resources\EntityResourceTest.java,142
D:\program\SC_Related\git_tag\atlas\server-api\src\main\java\org\apache\atlas\RequestContext.java,329
D:\program\SC_Related\git_tag\atlas\repository\src\test\java\org\apache\atlas\query\DSLQueriesTest.java,19
D:\program\SC_Related\git_tag\atlas\repository\src\main\java\org\apache\atlas\repository\store\graph\v2\AtlasRelationshipDefStoreV2.java,35
D:\program\SC_Related\git_tag\atlas\graphdb\janus\src\test\java\org\apache\atlas\repository\graphdb\janus\migration\PostProcessListPropertyTest.java,299
D:\program\SC_Related\git_tag\atlas\repository\src\main\java\org\apache\atlas\discovery\SearchContext.java,91
D:\program\SC_Related\git_tag\atlas\repository\src\main\java\org\apache\atlas\repository\store\graph\v2\EntityMutationContext.java,337
D:\program\SC_Related\git_tag\atlas\repository\src\main\java\org\apache\atlas\repository\graph\FullTextMapperV2.java,394
D:\program\SC_Related\git_tag\atlas\server-api\src\main\java\org\apache\atlas\listener\ActiveStateChangeHandler.java,229
D:\program\SC_Related\git_tag\atlas\notification\src\main\java\org\apache\atlas\kafka\NotificationProvider.java,154
D:\program\SC_Related\git_tag\atlas\repository\src\main\java\org\apache\atlas\repository\impexp\ImportTypeDefProcessor.java,3
D:\program\SC_Related\git_tag\atlas\repository\src\main\java\org\apache\atlas\repository\store\graph\v2\AtlasStructDefStoreV2.java,3
D:\program\SC_Related\git_tag\atlas\repository\src\main\java\org\apache\atlas\repository\converters\AtlasEntityFormatConverter.java,49
D:\program\SC_Related\git_tag\atlas\intg\src\main\java\org\apache\atlas\model\instance\ClassificationAssociateRequest.java,246
D:\program\SC_Related\git_tag\atlas\webapp\src\main\java\org\apache\atlas\notification\NotificationEntityChangeListener.java,49
D:\program\SC_Related\git_tag\atlas\repository\src\test\java\org\apache\atlas\repository\migration\PathTest.java,275
D:\program\SC_Related\git_tag\atlas\intg\src\main\java\org\apache\atlas\model\SearchFilter.java,253
D:\program\SC_Related\git_tag\atlas\addons\hive-bridge-shim\src\main\java\org\apache\atlas\hive\hook\HiveHook.java,58
D:\program\SC_Related\git_tag\atlas\common\src\main\java\org\apache\atlas\groovy\ClosureExpression.java,51
D:\program\SC_Related\git_tag\atlas\intg\src\main\java\org\apache\atlas\v1\model\instance\Referenceable.java,185
D:\program\SC_Related\git_tag\atlas\intg\src\main\java\org\apache\atlas\model\glossary\AtlasGlossaryTerm.java,83
D:\program\SC_Related\git_tag\atlas\repository\src\main\java\org\apache\atlas\repository\store\graph\EntityGraphDiscoveryContext.java,269
D:\program\SC_Related\git_tag\atlas\repository\src\main\java\org\apache\atlas\query\GremlinQueryComposer.java,50
D:\program\SC_Related\git_tag\atlas\common\src\main\java\org\apache\atlas\utils\HdfsNameServiceResolver.java,7
D:\program\SC_Related\git_tag\atlas\intg\src\main\java\org\apache\atlas\model\glossary\relations\AtlasTermAssignmentHeader.java,160
D:\program\SC_Related\git_tag\atlas\graphdb\api\src\main\java\org\apache\atlas\repository\graphdb\AtlasIndexQuery.java,401
D:\program\SC_Related\git_tag\atlas\repository\src\test\java\org\apache\atlas\repository\impexp\ZipSourceTest.java,27
D:\program\SC_Related\git_tag\atlas\test-tools\src\main\java\org\apache\atlas\runner\LocalSolrRunner.java,366
D:\program\SC_Related\git_tag\atlas\intg\src\main\java\org\apache\atlas\v1\model\lineage\DataSetLineageResponse.java,6
D:\program\SC_Related\git_tag\atlas\authorization\src\main\java\org\apache\atlas\authorize\simple\AtlasSimpleAuthzPolicy.java,31
D:\program\SC_Related\git_tag\atlas\intg\src\main\java\org\apache\atlas\type\AtlasArrayType.java,315
D:\program\SC_Related\git_tag\atlas\intg\src\main\java\org\apache\atlas\type\AtlasEntityType.java,28
D:\program\SC_Related\git_tag\atlas\webapp\src\main\java\org\apache\atlas\web\security\AtlasAuthenticationException.java,16
D:\program\SC_Related\git_tag\atlas\graphdb\janus\src\main\java\org\apache\atlas\repository\graphdb\janus\graphson\AtlasGraphSONMode.java,209
D:\program\SC_Related\git_tag\atlas\webapp\src\test\java\org\apache\atlas\web\util\ServletsTest.java,55
D:\program\SC_Related\git_tag\atlas\repository\src\main\java\org\apache\atlas\repository\ogm\glossary\AbstractGlossaryDTO.java,67
D:\program\SC_Related\git_tag\atlas\addons\hbase-bridge\src\main\java\org\apache\atlas\hbase\model\HBaseOperationContext.java,0
D:\program\SC_Related\git_tag\atlas\webapp\src\main\java\org\apache\atlas\examples\QuickStart.java,164
D:\program\SC_Related\git_tag\atlas\repository\src\main\java\org\apache\atlas\glossary\GlossaryCategoryUtils.java,24
D:\program\SC_Related\git_tag\atlas\addons\storm-bridge\src\main\java\org\apache\atlas\storm\hook\StormTopologyUtil.java,236
D:\program\SC_Related\git_tag\atlas\intg\src\main\java\org\apache\atlas\v1\model\instance\Struct.java,8
D:\program\SC_Related\git_tag\atlas\webapp\src\main\java\org\apache\atlas\web\service\CuratorFactory.java,17
D:\program\SC_Related\git_tag\atlas\graphdb\api\src\main\java\org\apache\atlas\repository\graphdb\AtlasEdgeLabel.java,377
D:\program\SC_Related\git_tag\atlas\webapp\src\test\java\org\apache\atlas\web\resources\AdminExportImportTestIT.java,88
D:\program\SC_Related\git_tag\atlas\repository\src\main\java\org\apache\atlas\repository\converters\AtlasEnumFormatConverter.java,120
D:\program\SC_Related\git_tag\atlas\intg\src\main\java\org\apache\atlas\v1\model\typedef\TraitTypeDefinition.java,59
D:\program\SC_Related\git_tag\atlas\webapp\src\main\java\org\apache\atlas\web\resources\LineageResource.java,36
D:\program\SC_Related\git_tag\atlas\intg\src\main\java\org\apache\atlas\AtlasErrorCode.java,345
D:\program\SC_Related\git_tag\atlas\graphdb\janus\src\main\java\org\apache\atlas\repository\graphdb\janus\AtlasJanusGraphIndex.java,138
D:\program\SC_Related\git_tag\atlas\intg\src\main\java\org\apache\atlas\model\discovery\SearchParameters.java,93
D:\program\SC_Related\git_tag\atlas\intg\src\main\java\org\apache\atlas\model\glossary\relations\AtlasTermCategorizationHeader.java,160
D:\program\SC_Related\git_tag\atlas\intg\src\main\java\org\apache\atlas\model\impexp\AtlasExportRequest.java,311
D:\program\SC_Related\git_tag\atlas\repository\src\main\java\org\apache\atlas\repository\store\graph\v2\EntityImportStream.java,129
D:\program\SC_Related\git_tag\atlas\repository\src\main\java\org\apache\atlas\repository\ogm\AtlasServerDTO.java,387
D:\program\SC_Related\git_tag\atlas\intg\src\main\java\org\apache\atlas\model\typedef\AtlasEntityDef.java,22
D:\program\SC_Related\git_tag\atlas\intg\src\main\java\org\apache\atlas\model\impexp\AtlasServer.java,230
D:\program\SC_Related\git_tag\atlas\graphdb\janus\src\test\java\org\apache\atlas\repository\graphdb\janus\AtlasJanusDatabaseTest.java,43
D:\program\SC_Related\git_tag\atlas\repository\src\test\java\org\apache\atlas\repository\store\graph\v2\InverseReferenceUpdateSoftDeleteV2Test.java,100
D:\program\SC_Related\git_tag\atlas\notification\src\test\java\org\apache\atlas\notification\AbstractNotificationTest.java,62
D:\program\SC_Related\git_tag\atlas\repository\src\main\java\org\apache\atlas\repository\store\graph\AtlasDefStore.java,87
D:\program\SC_Related\git_tag\atlas\graphdb\janus\src\main\java\org\apache\atlas\repository\graphdb\janus\migration\pc\WorkItemManager.java,25
D:\program\SC_Related\git_tag\atlas\authorization\src\main\java\org\apache\atlas\authorize\simple\AtlasSimpleAuthzUpdateTool.java,331
D:\program\SC_Related\git_tag\atlas\common\src\main\java\org\apache\atlas\utils\AtlasPerfMetrics.java,256
D:\program\SC_Related\git_tag\atlas\graphdb\common\src\main\java\org\apache\atlas\repository\graphdb\tinkerpop\query\expr\QueryPredicate.java,20
D:\program\SC_Related\git_tag\atlas\graphdb\janus\src\main\java\org\apache\atlas\repository\graphdb\janus\AtlasJanusIndexQuery.java,32
D:\program\SC_Related\git_tag\atlas\webapp\src\test\java\org\apache\atlas\web\security\BaseSecurityTest.java,70
D:\program\SC_Related\git_tag\atlas\intg\src\main\java\org\apache\atlas\entitytransform\Condition.java,134
D:\program\SC_Related\git_tag\atlas\graphdb\janus\src\test\java\org\apache\atlas\repository\graphdb\janus\migration\GraphSONUtilityTest.java,79
D:\program\SC_Related\git_tag\atlas\repository\src\main\java\org\apache\atlas\repository\store\graph\v2\AtlasEnumDefStoreV2.java,3
D:\program\SC_Related\git_tag\atlas\webapp\src\test\java\org\apache\atlas\util\RestUtilsTest.java,3
D:\program\SC_Related\git_tag\atlas\webapp\src\test\java\org\apache\atlas\web\service\SecureEmbeddedServerTestBase.java,70
D:\program\SC_Related\git_tag\atlas\intg\src\main\java\org\apache\atlas\model\impexp\AttributeTransform.java,41
D:\program\SC_Related\git_tag\atlas\repository\src\test\java\org\apache\atlas\repository\userprofile\UserProfileServiceTest.java,11
D:\program\SC_Related\git_tag\atlas\notification\src\main\java\org\apache\atlas\kafka\AtlasKafkaConsumer.java,186
D:\program\SC_Related\git_tag\atlas\common\src\main\java\org\apache\atlas\utils\SHA256Utils.java,136
D:\program\SC_Related\git_tag\atlas\intg\src\test\java\org\apache\atlas\type\TestAtlasDoubleType.java,29
D:\program\SC_Related\git_tag\atlas\graphdb\janus\src\main\java\org\apache\atlas\repository\graphdb\janus\query\AtlasJanusGraphQuery.java,292
D:\program\SC_Related\git_tag\atlas\repository\src\main\java\org\apache\atlas\repository\ogm\DTORegistry.java,205
D:\program\SC_Related\git_tag\atlas\graphdb\janus\src\main\java\org\apache\atlas\repository\graphdb\janus\migration\JsonNodeProcessManager.java,15
D:\program\SC_Related\git_tag\atlas\authorization\src\main\java\org\apache\atlas\authorize\AtlasTypeAccessRequest.java,56
D:\program\SC_Related\git_tag\atlas\addons\kafka-bridge\src\main\java\org\apache\atlas\kafka\model\KafkaDataTypes.java,232
D:\program\SC_Related\git_tag\atlas\notification\src\main\java\org\apache\atlas\notification\IncompatibleVersionException.java,351
D:\program\SC_Related\git_tag\atlas\repository\src\test\java\org\apache\atlas\repository\audit\InMemoryAuditRepositoryTest.java,165
D:\program\SC_Related\git_tag\atlas\intg\src\test\java\org\apache\atlas\model\typedef\TestAtlasRelationshipDef.java,47
D:\program\SC_Related\git_tag\atlas\intg\src\main\java\org\apache\atlas\model\instance\AtlasRelatedObjectId.java,35
D:\program\SC_Related\git_tag\atlas\addons\falcon-bridge\src\main\java\org\apache\atlas\falcon\bridge\FalconBridge.java,105
D:\program\SC_Related\git_tag\atlas\intg\src\main\java\org\apache\atlas\model\typedef\AtlasClassificationDef.java,22
D:\program\SC_Related\git_tag\atlas\intg\src\main\java\org\apache\atlas\model\typedef\AtlasRelationshipEndDef.java,319
D:\program\SC_Related\git_tag\atlas\intg\src\main\java\org\apache\atlas\v1\model\discovery\FullTextSearchResult.java,8
D:\program\SC_Related\git_tag\atlas\repository\src\main\java\org\apache\atlas\discovery\SearchProcessor.java,93
D:\program\SC_Related\git_tag\atlas\repository\src\main\java\org\apache\atlas\repository\audit\InMemoryEntityAuditRepository.java,80
D:\program\SC_Related\git_tag\atlas\intg\src\main\java\org\apache\atlas\entitytransform\HiveColumnEntityHandler.java,5
D:\program\SC_Related\git_tag\atlas\graphdb\janus\src\main\java\org\apache\atlas\repository\graphdb\janus\migration\pc\WorkItemBuilder.java,216
D:\program\SC_Related\git_tag\atlas\repository\src\main\java\org\apache\atlas\repository\IndexException.java,114
D:\program\SC_Related\git_tag\atlas\tools\classification-updater\src\main\java\org\apache\atlas\tools\BulkFetchAndUpdate.java,206
D:\program\SC_Related\git_tag\atlas\repository\src\main\java\org\apache\atlas\repository\audit\EntityAuditRepository.java,80
D:\program\SC_Related\git_tag\atlas\webapp\src\main\java\org\apache\atlas\web\listeners\LoginProcessor.java,104
D:\program\SC_Related\git_tag\atlas\webapp\src\main\java\org\apache\atlas\web\security\AtlasAuthenticationFailureHandler.java,9
D:\program\SC_Related\git_tag\atlas\intg\src\main\java\org\apache\atlas\model\impexp\MigrationStatus.java,60
D:\program\SC_Related\git_tag\atlas\webapp\src\test\java\org\apache\atlas\web\filters\AtlasAuthenticationSimpleFilterIT.java,84
D:\program\SC_Related\git_tag\atlas\intg\src\main\java\org\apache\atlas\v1\typesystem\types\utils\TypesUtil.java,1
D:\program\SC_Related\git_tag\atlas\client\common\src\main\java\org\apache\atlas\AtlasServiceException.java,39
D:\program\SC_Related\git_tag\atlas\graphdb\janus\src\main\java\org\apache\atlas\repository\graphdb\janus\query\NativeJanusGraphQuery.java,54
D:\program\SC_Related\git_tag\atlas\addons\hive-bridge\src\main\java\org\apache\atlas\hive\hook\AtlasHiveHookContext.java,310
D:\program\SC_Related\git_tag\atlas\graphdb\janus\src\main\java\org\apache\atlas\repository\graphdb\janus\migration\PostProcessManager.java,15
D:\program\SC_Related\git_tag\atlas\repository\src\test\java\org\apache\atlas\repository\store\graph\v2\AtlasRelationshipStoreV2Test.java,45
D:\program\SC_Related\git_tag\atlas\graphdb\api\src\main\java\org\apache\atlas\repository\graphdb\AtlasPropertyKey.java,373
D:\program\SC_Related\git_tag\atlas\webapp\src\main\java\org\apache\atlas\web\filters\ActiveServerFilter.java,46
D:\program\SC_Related\git_tag\atlas\repository\src\main\java\org\apache\atlas\repository\graph\IAtlasGraphProvider.java,107
D:\program\SC_Related\git_tag\atlas\repository\src\test\java\org\apache\atlas\utils\ObjectUpdateSynchronizerTest.java,254
D:\program\SC_Related\git_tag\atlas\intg\src\main\java\org\apache\atlas\model\notification\AtlasNotificationBaseMessage.java,148
D:\program\SC_Related\git_tag\atlas\repository\src\test\java\org\apache\atlas\repository\store\graph\v2\AtlasEntityStoreV2Test.java,65
D:\program\SC_Related\git_tag\atlas\notification\src\test\java\org\apache\atlas\notification\entity\EntityNotificationTest.java,185
D:\program\SC_Related\git_tag\atlas\addons\hbase-bridge\src\main\java\org\apache\atlas\hbase\hook\HBaseAtlasCoprocessorBase.java,115
D:\program\SC_Related\git_tag\atlas\repository\src\main\java\org\apache\atlas\repository\store\graph\v2\EntityGraphMapper.java,43
D:\program\SC_Related\git_tag\atlas\webapp\src\main\java\org\apache\atlas\web\resources\EntityResource.java,36
D:\program\SC_Related\git_tag\atlas\intg\src\main\java\org\apache\atlas\model\profile\AtlasUserProfile.java,245
D:\program\SC_Related\git_tag\atlas\webapp\src\main\java\org\apache\atlas\web\filters\SSOAuthenticationProperties.java,257
D:\program\SC_Related\git_tag\atlas\plugin-classloader\src\test\java\org\apache\atlas\plugin\classloader\AtlasPluginClassLoaderTest.java,188
D:\program\SC_Related\git_tag\atlas\webapp\src\main\java\org\apache\atlas\web\service\EmbeddedServer.java,398
D:\program\SC_Related\git_tag\atlas\server-api\src\main\java\org\apache\atlas\exception\EntityNotFoundException.java,114
D:\program\SC_Related\git_tag\atlas\graphdb\api\src\main\java\org\apache\atlas\repository\graphdb\AtlasElement.java,265
D:\program\SC_Related\git_tag\atlas\authorization\src\main\java\org\apache\atlas\authorize\AtlasAccessRequest.java,44
D:\program\SC_Related\git_tag\atlas\client\client-v1\src\main\java\org\apache\atlas\AtlasAdminClient.java,344
D:\program\SC_Related\git_tag\atlas\graphdb\janus\src\main\java\org\apache\atlas\repository\graphdb\janus\AtlasJanusGraphTraversal.java,32
D:\program\SC_Related\git_tag\atlas\graphdb\common\src\main\java\org\apache\atlas\repository\graphdb\tinkerpop\query\NativeTinkerpopGraphQuery.java,54
D:\program\SC_Related\git_tag\atlas\common\src\main\java\org\apache\atlas\groovy\BinaryExpression.java,82
D:\program\SC_Related\git_tag\atlas\webapp\src\test\java\org\apache\atlas\web\security\SSLTest.java,70
D:\program\SC_Related\git_tag\atlas\webapp\src\main\java\org\apache\atlas\web\params\BooleanParam.java,364
D:\program\SC_Related\git_tag\atlas\webapp\src\test\java\org\apache\atlas\notification\EntityNotificationIT.java,185
D:\program\SC_Related\git_tag\atlas\repository\src\main\java\org\apache\atlas\discovery\SearchIndexer.java,321
D:\program\SC_Related\git_tag\atlas\intg\src\main\java\org\apache\atlas\type\AtlasClassificationType.java,249
D:\program\SC_Related\git_tag\atlas\repository\src\main\java\org\apache\atlas\util\SearchTracker.java,202
D:\program\SC_Related\git_tag\atlas\notification\src\test\java\org\apache\atlas\hook\AtlasTopicCreatorTest.java,177
D:\program\SC_Related\git_tag\atlas\repository\src\main\java\org\apache\atlas\repository\ogm\DataAccess.java,281
D:\program\SC_Related\git_tag\atlas\repository\src\test\java\org\apache\atlas\repository\impexp\ExportIncrementalTest.java,88
D:\program\SC_Related\git_tag\atlas\addons\hive-bridge\src\main\java\org\apache\atlas\hive\hook\events\CreateHiveProcess.java,161
D:\program\SC_Related\git_tag\atlas\repository\src\main\java\org\apache\atlas\repository\util\FilterUtil.java,93
D:\program\SC_Related\git_tag\atlas\graphdb\janus\src\test\java\org\apache\atlas\repository\graphdb\janus\migration\MappedElementCacheTest.java,79
D:\program\SC_Related\git_tag\atlas\repository\src\main\java\org\apache\atlas\repository\store\graph\v1\DeleteHandlerDelegate.java,324
D:\program\SC_Related\git_tag\atlas\repository\src\main\java\org\apache\atlas\repository\impexp\MigrationProgressService.java,300
D:\program\SC_Related\git_tag\atlas\addons\hive-bridge\src\main\java\org\apache\atlas\hive\hook\events\CreateDatabase.java,4
D:\program\SC_Related\git_tag\atlas\common\src\main\java\org\apache\atlas\groovy\FunctionCallExpression.java,250
D:\program\SC_Related\git_tag\atlas\intg\src\test\java\org\apache\atlas\type\TestAtlasEntityType.java,385
D:\program\SC_Related\git_tag\atlas\intg\src\main\java\org\apache\atlas\model\instance\EntityMutations.java,307
D:\program\SC_Related\git_tag\atlas\repository\src\main\java\org\apache\atlas\repository\graph\GraphHelper.java,43
D:\program\SC_Related\git_tag\atlas\intg\src\main\java\org\apache\atlas\model\instance\AtlasEntityHeader.java,22
D:\program\SC_Related\git_tag\atlas\intg\src\main\java\org\apache\atlas\model\glossary\relations\AtlasGlossaryHeader.java,340
D:\program\SC_Related\git_tag\atlas\repository\src\main\java\org\apache\atlas\repository\audit\AbstractStorageBasedAuditRepository.java,2
D:\program\SC_Related\git_tag\atlas\webapp\src\main\java\org\apache\atlas\notification\EntityNotificationListenerV2.java,52
D:\program\SC_Related\git_tag\atlas\graphdb\common\src\main\java\org\apache\atlas\repository\graphdb\utils\IteratorToIterableAdapter.java,280
D:\program\SC_Related\git_tag\atlas\addons\storm-bridge\src\main\java\org\apache\atlas\storm\hook\StormAtlasHook.java,156
D:\program\SC_Related\git_tag\atlas\graphdb\api\src\main\java\org\apache\atlas\repository\graphdb\GraphDBMigrator.java,266
D:\program\SC_Related\git_tag\atlas\intg\src\main\java\org\apache\atlas\SortOrder.java,320
D:\program\SC_Related\git_tag\atlas\repository\src\main\java\org\apache\atlas\util\AtlasGremlinQueryProvider.java,42
D:\program\SC_Related\git_tag\atlas\repository\src\main\java\org\apache\atlas\repository\audit\HBaseBasedAuditRepository.java,2
D:\program\SC_Related\git_tag\atlas\webapp\src\test\java\org\apache\atlas\web\filters\AtlasCSRFPreventionFilterTest.java,396
D:\program\SC_Related\git_tag\atlas\authorization\src\main\java\org\apache\atlas\authorize\AtlasEntityAccessRequest.java,44
D:\program\SC_Related\git_tag\atlas\graphdb\common\src\main\java\org\apache\atlas\repository\graphdb\tinkerpop\query\NativeTinkerpopQueryFactory.java,149
D:\program\SC_Related\git_tag\atlas\intg\src\main\java\org\apache\atlas\type\AtlasTypeUtil.java,3
D:\program\SC_Related\git_tag\atlas\repository\src\main\java\org\apache\atlas\repository\converters\AtlasArrayFormatConverter.java,74
D:\program\SC_Related\git_tag\atlas\webapp\src\test\java\org\apache\atlas\web\TestUtils.java,37
D:\program\SC_Related\git_tag\atlas\webapp\src\test\java\org\apache\atlas\web\security\FileAuthenticationTest.java,85
D:\program\SC_Related\git_tag\atlas\intg\src\main\java\org\apache\atlas\entitytransform\HiveTableEntityHandler.java,5
D:\program\SC_Related\git_tag\atlas\repository\src\main\java\org\apache\atlas\repository\ogm\AbstractDataTransferObject.java,283
D:\program\SC_Related\git_tag\atlas\repository\src\main\java\org\apache\atlas\repository\store\graph\v2\AtlasEntityChangeNotifier.java,52
D:\program\SC_Related\git_tag\atlas\graphdb\janus\src\main\java\org\apache\atlas\repository\graphdb\janus\migration\TypesWithCollectionsFinder.java,28
D:\program\SC_Related\git_tag\atlas\webapp\src\main\java\org\apache\atlas\web\filters\AtlasAuthenticationFilter.java,9
D:\program\SC_Related\git_tag\atlas\intg\src\test\java\org\apache\atlas\type\TestAtlasMapType.java,29
D:\program\SC_Related\git_tag\atlas\repository\src\main\java\org\apache\atlas\query\SelectClauseComposer.java,223
D:\program\SC_Related\git_tag\atlas\addons\hbase-bridge-shim\src\main\java\org\apache\atlas\hbase\hook\HBaseAtlasCoprocessor.java,58
D:\program\SC_Related\git_tag\atlas\intg\src\main\java\org\apache\atlas\entitytransform\HiveDatabaseEntityHandler.java,5
D:\program\SC_Related\git_tag\atlas\intg\src\test\java\org\apache\atlas\TestUtilsV2.java,3
D:\program\SC_Related\git_tag\atlas\webapp\src\main\java\org\apache\atlas\Atlas.java,14
D:\program\SC_Related\git_tag\atlas\intg\src\main\java\org\apache\atlas\type\AtlasType.java,29
D:\program\SC_Related\git_tag\atlas\authorization\src\main\java\org\apache\atlas\authorize\simple\AtlasSimpleAuthorizer.java,31
D:\program\SC_Related\git_tag\atlas\authorization\src\main\java\org\apache\atlas\authorize\AtlasPrivilege.java,317
D:\program\SC_Related\git_tag\atlas\webapp\src\main\java\org\apache\atlas\web\security\AtlasPamAuthenticationProvider.java,85
D:\program\SC_Related\git_tag\atlas\intg\src\main\java\org\apache\atlas\model\glossary\AtlasGlossaryBaseObject.java,341
D:\program\SC_Related\git_tag\atlas\intg\src\main\java\org\apache\atlas\model\notification\MessageVersion.java,217
D:\program\SC_Related\git_tag\atlas\intg\src\main\java\org\apache\atlas\entitytransform\HiveStorageDescriptorEntityHandler.java,5
D:\program\SC_Related\git_tag\atlas\repository\src\main\java\org\apache\atlas\repository\IndexCreationException.java,284
D:\program\SC_Related\git_tag\atlas\addons\hive-bridge\src\main\java\org\apache\atlas\hive\hook\events\DropDatabase.java,4
D:\program\SC_Related\git_tag\atlas\intg\src\main\java\org\apache\atlas\entitytransform\EntityAttribute.java,92
D:\program\SC_Related\git_tag\atlas\common\src\main\java\org\apache\atlas\groovy\ArithmeticExpression.java,159
D:\program\SC_Related\git_tag\atlas\notification\src\main\java\org\apache\atlas\notification\MessageDeserializer.java,302
D:\program\SC_Related\git_tag\atlas\graphdb\janus\src\main\java\org\apache\atlas\repository\graphdb\janus\graphson\AtlasGraphSONUtility.java,68
D:\program\SC_Related\git_tag\atlas\server-api\src\main\java\org\apache\atlas\ha\AtlasServerIdSelector.java,14
D:\program\SC_Related\git_tag\atlas\repository\src\test\java\org\apache\atlas\repository\impexp\ImportTransformsShaperTest.java,88
D:\program\SC_Related\git_tag\atlas\intg\src\test\java\org\apache\atlas\model\instance\TestAtlasClassification.java,166
D:\program\SC_Related\git_tag\atlas\common\src\main\java\org\apache\atlas\annotation\ConditionalOnAtlasProperty.java,152
D:\program\SC_Related\git_tag\atlas\graphdb\janus\src\main\java\org\apache\atlas\repository\graphdb\janus\AtlasJanusPropertyKey.java,138
D:\program\SC_Related\git_tag\atlas\webapp\src\main\java\org\apache\atlas\web\util\Servlets.java,9
D:\program\SC_Related\git_tag\atlas\webapp\src\test\java\org\apache\atlas\notification\NotificationEntityChangeListenerTest.java,185
D:\program\SC_Related\git_tag\atlas\repository\src\main\java\org\apache\atlas\discovery\AtlasLineageService.java,75
D:\program\SC_Related\git_tag\atlas\repository\src\test\java\org\apache\atlas\repository\impexp\UniqueListTest.java,116
D:\program\SC_Related\git_tag\atlas\common\src\main\java\org\apache\atlas\groovy\LogicalExpression.java,354
D:\program\SC_Related\git_tag\atlas\server-api\src\main\java\org\apache\atlas\listener\EntityChangeListener.java,77
D:\program\SC_Related\git_tag\atlas\graphdb\api\src\main\java\org\apache\atlas\repository\graphdb\AtlasGraphQuery.java,54
D:\program\SC_Related\git_tag\atlas\webapp\src\main\java\org\apache\atlas\web\model\User.java,355
D:\program\SC_Related\git_tag\atlas\intg\src\main\java\org\apache\atlas\model\notification\AtlasNotificationMessage.java,276
D:\program\SC_Related\git_tag\atlas\webapp\src\main\java\org\apache\atlas\notification\EntityNotificationSender.java,386
D:\program\SC_Related\git_tag\atlas\common\src\main\java\org\apache\atlas\repository\Constants.java,128
D:\program\SC_Related\git_tag\atlas\repository\src\test\java\org\apache\atlas\query\DSLParsingTest.java,267
D:\program\SC_Related\git_tag\atlas\repository\src\test\java\org\apache\atlas\glossary\PaginationHelperTest.java,143
D:\program\SC_Related\git_tag\atlas\graphdb\janus\src\test\java\org\apache\atlas\repository\graphdb\janus\migration\WorkItemConsumerTest.java,348
D:\program\SC_Related\git_tag\atlas\intg\src\test\java\org\apache\atlas\type\TestAtlasArrayType.java,29
D:\program\SC_Related\git_tag\atlas\intg\src\main\java\org\apache\atlas\v1\model\instance\Id.java,8
D:\program\SC_Related\git_tag\atlas\intg\src\main\java\org\apache\atlas\type\AtlasMapType.java,29
D:\program\SC_Related\git_tag\atlas\intg\src\main\java\org\apache\atlas\model\impexp\AtlasImportResult.java,194
D:\program\SC_Related\git_tag\atlas\notification\src\main\java\org\apache\atlas\notification\hook\HookMessageDeserializer.java,78
D:\program\SC_Related\git_tag\atlas\webapp\src\test\java\org\apache\atlas\web\security\BaseSSLAndKerberosTest.java,70
D:\program\SC_Related\git_tag\atlas\webapp\src\main\java\org\apache\atlas\web\security\AtlasFileAuthenticationProvider.java,85
D:\program\SC_Related\git_tag\atlas\intg\src\main\java\org\apache\atlas\model\profile\AtlasUserSavedSearch.java,11
D:\program\SC_Related\git_tag\atlas\notification\src\main\java\org\apache\atlas\hook\FailedMessagesLogger.java,181
D:\program\SC_Related\git_tag\atlas\repository\src\main\java\org\apache\atlas\discovery\EntityDiscoveryService.java,91
D:\program\SC_Related\git_tag\atlas\repository\src\test\java\org\apache\atlas\repository\migration\ComplexAttributesTest.java,30
D:\program\SC_Related\git_tag\atlas\notification\src\test\java\org\apache\atlas\kafka\KafkaConsumerTest.java,155
D:\program\SC_Related\git_tag\atlas\webapp\src\test\java\org\apache\atlas\CredentialProviderUtilityIT.java,121
D:\program\SC_Related\git_tag\atlas\webapp\src\test\java\org\apache\atlas\web\integration\EntityV2JerseyResourceIT.java,65
D:\program\SC_Related\git_tag\atlas\intg\src\main\java\org\apache\atlas\model\glossary\relations\AtlasRelatedCategoryHeader.java,160
D:\program\SC_Related\git_tag\atlas\repository\src\main\java\org\apache\atlas\repository\store\graph\EntityResolver.java,168
D:\program\SC_Related\git_tag\atlas\repository\src\test\java\org\apache\atlas\repository\store\graph\v2\AtlasEntityStoreV2BulkImportPercentTest.java,127
D:\program\SC_Related\git_tag\atlas\graphdb\common\src\main\java\org\apache\atlas\repository\graphdb\tinkerpop\query\expr\OrderByPredicate.java,228
D:\program\SC_Related\git_tag\atlas\notification\src\test\java\org\apache\atlas\notification\entity\EntityNotificationDeserializerTest.java,72
D:\program\SC_Related\git_tag\atlas\addons\hive-bridge\src\test\java\org\apache\atlas\hive\bridge\HiveMetastoreBridgeIT.java,48
D:\program\SC_Related\git_tag\atlas\intg\src\main\java\org\apache\atlas\model\typedef\AtlasTypeDefHeader.java,8
D:\program\SC_Related\git_tag\atlas\webapp\src\main\java\org\apache\atlas\web\rest\DiscoveryREST.java,13
D:\program\SC_Related\git_tag\atlas\intg\src\main\java\org\apache\atlas\model\instance\AtlasClassification.java,213
D:\program\SC_Related\git_tag\atlas\graphdb\common\src\test\java\org\apache\atlas\graph\GraphSandboxUtil.java,248
D:\program\SC_Related\git_tag\atlas\repository\src\test\java\org\apache\atlas\TestModules.java,227
D:\program\SC_Related\git_tag\atlas\graphdb\api\src\main\java\org\apache\atlas\repository\graphdb\AtlasEdge.java,316
D:\program\SC_Related\git_tag\atlas\repository\src\main\java\org\apache\atlas\repository\store\graph\v2\EntityGraphRetriever.java,43
D:\program\SC_Related\git_tag\atlas\repository\src\main\java\org\apache\atlas\repository\store\graph\v2\AtlasGraphUtilsV2.java,43
D:\program\SC_Related\git_tag\atlas\repository\src\test\java\org\apache\atlas\repository\impexp\HdfsPathEntityCreatorTest.java,7
D:\program\SC_Related\git_tag\atlas\repository\src\main\java\org\apache\atlas\repository\impexp\ExportTypeProcessor.java,199
D:\program\SC_Related\git_tag\atlas\webapp\src\main\java\org\apache\atlas\notification\preprocessor\PreprocessorContext.java,18
D:\program\SC_Related\git_tag\atlas\client\client-v1\src\main\java\org\apache\atlas\AtlasClient.java,39
D:\program\SC_Related\git_tag\atlas\graphdb\janus\src\main\java\org\apache\atlas\repository\graphdb\janus\migration\RelationshipCacheGenerator.java,220
D:\program\SC_Related\git_tag\atlas\common\src\main\java\org\apache\atlas\groovy\AbstractGroovyExpression.java,370
D:\program\SC_Related\git_tag\atlas\intg\src\main\java\org\apache\atlas\model\instance\AtlasEntity.java,8
D:\program\SC_Related\git_tag\atlas\webapp\src\main\java\org\apache\atlas\web\rest\GlossaryREST.java,335
D:\program\SC_Related\git_tag\atlas\repository\src\main\java\org\apache\atlas\repository\store\graph\v2\AttributeMutationContext.java,218
D:\program\SC_Related\git_tag\atlas\repository\src\test\java\org\apache\atlas\repository\store\graph\v2\AtlasEntityDefStoreV2Test.java,392
D:\program\SC_Related\git_tag\atlas\repository\src\test\java\org\apache\atlas\repository\store\graph\v2\InverseReferenceUpdateV2Test.java,18
D:\program\SC_Related\git_tag\atlas\webapp\src\main\java\org\apache\atlas\web\errors\NotFoundExceptionMapper.java,126
D:\program\SC_Related\git_tag\atlas\intg\src\main\java\org\apache\atlas\model\typedef\AtlasTypesDef.java,308
D:\program\SC_Related\git_tag\atlas\repository\src\main\java\org\apache\atlas\repository\converters\AtlasPrimitiveFormatConverter.java,74
D:\program\SC_Related\git_tag\atlas\common\src\main\java\org\apache\atlas\utils\ParamChecker.java,389
D:\program\SC_Related\git_tag\atlas\common\src\main\java\org\apache\atlas\groovy\LiteralExpression.java,259
D:\program\SC_Related\git_tag\atlas\addons\hbase-bridge\src\main\java\org\apache\atlas\hbase\bridge\HBaseAtlasHook.java,0
D:\program\SC_Related\git_tag\atlas\common\src\test\java\org\apache\atlas\ha\HAConfigurationTest.java,34
D:\program\SC_Related\git_tag\atlas\repository\src\main\java\org\apache\atlas\query\antlr4\AtlasDSLParser.java,180
D:\program\SC_Related\git_tag\atlas\webapp\src\main\java\org\apache\atlas\web\setup\KerberosAwareListener.java,135
D:\program\SC_Related\git_tag\atlas\notification\src\main\java\org\apache\atlas\notification\AbstractMessageDeserializer.java,78
D:\program\SC_Related\git_tag\atlas\repository\src\test\java\org\apache\atlas\query\GremlinQueryComposerTest.java,19
D:\program\SC_Related\git_tag\atlas\addons\hbase-bridge\src\main\java\org\apache\atlas\hbase\hook\HBaseAtlasCoprocessor.java,360
D:\program\SC_Related\git_tag\atlas\intg\src\test\java\org\apache\atlas\type\TestAtlasBigDecimalType.java,29
D:\program\SC_Related\git_tag\atlas\graphdb\api\src\main\java\org\apache\atlas\repository\graphdb\AtlasGraphIndex.java,383
D:\program\SC_Related\git_tag\atlas\webapp\src\main\java\org\apache\atlas\web\filters\StaleTransactionCleanupFilter.java,26
D:\program\SC_Related\git_tag\atlas\intg\src\main\java\org\apache\atlas\model\instance\AtlasCheckStateResult.java,224
D:\program\SC_Related\git_tag\atlas\repository\src\main\java\org\apache\atlas\repository\store\graph\v2\AtlasRelationshipStoreV2.java,35
D:\program\SC_Related\git_tag\atlas\notification\src\main\java\org\apache\atlas\notification\AtlasNotificationMessageDeserializer.java,90
D:\program\SC_Related\git_tag\atlas\intg\src\main\java\org\apache\atlas\type\AtlasBuiltInTypes.java,29
D:\program\SC_Related\git_tag\atlas\repository\src\main\java\org\apache\atlas\glossary\GlossaryUtils.java,322
D:\program\SC_Related\git_tag\atlas\intg\src\test\java\org\apache\atlas\type\TestAtlasStringType.java,29
D:\program\SC_Related\git_tag\atlas\graphdb\api\src\main\java\org\apache\atlas\repository\graphdb\AtlasGraphTraversal.java,106
D:\program\SC_Related\git_tag\atlas\webapp\src\test\java\org\apache\atlas\web\service\ActiveInstanceElectorServiceTest.java,23
D:\program\SC_Related\git_tag\atlas\client\client-v2\src\test\java\org.apache.atlas\AtlasClientV2Test.java,102
D:\program\SC_Related\git_tag\atlas\repository\src\main\java\org\apache\atlas\repository\store\graph\v2\AtlasTypeDefGraphStoreV2.java,43
D:\program\SC_Related\git_tag\atlas\repository\src\main\java\org\apache\atlas\repository\converters\AtlasFormatConverter.java,18
D:\program\SC_Related\git_tag\atlas\intg\src\main\java\org\apache\atlas\utils\AtlasJson.java,333
D:\program\SC_Related\git_tag\atlas\repository\src\test\java\org\apache\atlas\repository\store\graph\v1\SoftReferenceTest.java,65
D:\program\SC_Related\git_tag\atlas\notification\src\test\java\org\apache\atlas\hook\AtlasHookTest.java,260
D:\program\SC_Related\git_tag\atlas\repository\src\test\java\org\apache\atlas\repository\store\graph\v2\ClassificationAssociatorTest.java,238
D:\program\SC_Related\git_tag\atlas\intg\src\main\java\org\apache\atlas\entitytransform\AtlasEntityTransformer.java,41
D:\program\SC_Related\git_tag\atlas\webapp\src\test\java\org\apache\atlas\web\resources\AdminExportTest.java,193
D:\program\SC_Related\git_tag\atlas\authorization\src\main\java\org\apache\atlas\authorize\AtlasSearchResultScrubRequest.java,157
D:\program\SC_Related\git_tag\atlas\repository\src\main\java\org\apache\atlas\repository\converters\AtlasStructFormatConverter.java,74
D:\program\SC_Related\git_tag\atlas\repository\src\main\java\org\apache\atlas\repository\store\graph\v2\EntityStream.java,263
D:\program\SC_Related\git_tag\atlas\webapp\src\main\java\org\apache\atlas\web\security\AtlasSecurityConfig.java,158
D:\program\SC_Related\git_tag\atlas\webapp\src\main\java\org\apache\atlas\web\security\AtlasAbstractAuthenticationProvider.java,85
D:\program\SC_Related\git_tag\atlas\addons\hive-bridge\src\test\java\org\apache\atlas\hive\bridge\ColumnLineageUtils.java,161
D:\program\SC_Related\git_tag\atlas\authorization\src\main\java\org\apache\atlas\authorize\AtlasAdminAccessRequest.java,56
D:\program\SC_Related\git_tag\atlas\server-api\src\main\java\org\apache\atlas\setup\SetupException.java,225
D:\program\SC_Related\git_tag\atlas\intg\src\main\java\org\apache\atlas\model\instance\AtlasCheckStateRequest.java,173
D:\program\SC_Related\git_tag\atlas\graphdb\janus\src\main\java\org\apache\atlas\repository\graphdb\janus\AtlasJanusGraphDatabase.java,76
D:\program\SC_Related\git_tag\atlas\notification\src\main\java\org\apache\atlas\notification\AbstractNotificationConsumer.java,374
D:\program\SC_Related\git_tag\atlas\common\src\main\java\org\apache\atlas\groovy\AbstractFunctionExpression.java,313
D:\program\SC_Related\git_tag\atlas\webapp\src\main\java\org\apache\atlas\web\params\AbstractParam.java,153
D:\program\SC_Related\git_tag\atlas\authorization\src\main\java\org\apache\atlas\authorize\AtlasAuthorizerFactory.java,291
D:\program\SC_Related\git_tag\atlas\webapp\src\main\java\org\apache\atlas\web\util\DateTimeHelper.java,237
D:\program\SC_Related\git_tag\atlas\webapp\src\test\java\org\apache\atlas\web\service\SecureEmbeddedServerTest.java,70
D:\program\SC_Related\git_tag\atlas\repository\src\main\java\org\apache\atlas\repository\impexp\IncrementalExportEntityProvider.java,226
D:\program\SC_Related\git_tag\atlas\intg\src\test\java\org\apache\atlas\type\TestAtlasShortType.java,29
D:\program\SC_Related\git_tag\atlas\intg\src\test\java\org\apache\atlas\model\typedef\TestAtlasStructDef.java,334
D:\program\SC_Related\git_tag\atlas\intg\src\main\java\org\apache\atlas\model\AtlasBaseModelObject.java,8
D:\program\SC_Related\git_tag\atlas\graphdb\janus\src\main\java\org\apache\atlas\repository\graphdb\janus\migration\GraphDBGraphSONMigrator.java,262
D:\program\SC_Related\git_tag\atlas\intg\src\test\java\org\apache\atlas\type\TestAtlasClassificationType.java,221
D:\program\SC_Related\git_tag\atlas\webapp\src\main\java\org\apache\atlas\web\rest\TypesREST.java,36
D:\program\SC_Related\git_tag\atlas\intg\src\main\java\org\apache\atlas\v1\model\discovery\DSLSearchResult.java,8
D:\program\SC_Related\git_tag\atlas\repository\src\main\java\org\apache\atlas\repository\userprofile\UserProfileService.java,11
D:\program\SC_Related\git_tag\atlas\repository\src\main\java\org\apache\atlas\glossary\GlossaryTermUtils.java,67
D:\program\SC_Related\git_tag\atlas\intg\src\test\java\org\apache\atlas\type\TestMultiplicity.java,145
D:\program\SC_Related\git_tag\atlas\graphdb\api\src\main\java\org\apache\atlas\repository\graphdb\AtlasCardinality.java,247
D:\program\SC_Related\git_tag\atlas\graphdb\api\src\main\java\org\apache\atlas\repository\graphdb\GraphDatabase.java,109
D:\program\SC_Related\git_tag\atlas\intg\src\main\java\org\apache\atlas\v1\model\notification\EntityNotificationV1.java,185
D:\program\SC_Related\git_tag\atlas\repository\src\main\java\org\apache\atlas\query\GremlinClauseList.java,352
D:\program\SC_Related\git_tag\atlas\common\src\main\java\org\apache\atlas\utils\AtlasPerfTracer.java,252
D:\program\SC_Related\git_tag\atlas\repository\src\main\java\org\apache\atlas\discovery\AtlasDiscoveryService.java,13
D:\program\SC_Related\git_tag\atlas\intg\src\test\java\org\apache\atlas\type\TestAtlasTypeRegistry.java,297
D:\program\SC_Related\git_tag\atlas\tools\atlas-migration-exporter\src\main\java\org\apache\atlas\migration\NoOpNotification.java,242
D:\program\SC_Related\git_tag\atlas\intg\src\main\java\org\apache\atlas\model\notification\EntityNotification.java,8
D:\program\SC_Related\git_tag\atlas\common\src\main\java\org\apache\atlas\groovy\ComparisonOperatorExpression.java,82
D:\program\SC_Related\git_tag\atlas\repository\src\main\java\org\apache\atlas\repository\RepositoryException.java,114
D:\program\SC_Related\git_tag\atlas\intg\src\test\java\org\apache\atlas\type\TestAtlasByteType.java,29
D:\program\SC_Related\git_tag\atlas\webapp\src\main\java\org\apache\atlas\web\rest\LineageREST.java,36
D:\program\SC_Related\git_tag\atlas\intg\src\test\java\org\apache\atlas\type\TestAtlasLongType.java,29
D:\program\SC_Related\git_tag\atlas\webapp\src\main\java\org\apache\atlas\notification\preprocessor\EntityPreprocessor.java,204
D:\program\SC_Related\git_tag\atlas\tools\atlas-migration-exporter\src\main\java\org\apache\atlas\migration\Exporter.java,212
D:\program\SC_Related\git_tag\atlas\webapp\src\main\java\org\apache\atlas\web\filters\AtlasCSRFPreventionFilter.java,46
D:\program\SC_Related\git_tag\atlas\common\src\main\java\org\apache\atlas\groovy\RangeExpression.java,108
D:\program\SC_Related\git_tag\atlas\repository\src\main\java\org\apache\atlas\repository\impexp\ImportTransforms.java,73
D:\program\SC_Related\git_tag\atlas\repository\src\main\java\org\apache\atlas\repository\converters\AtlasObjectIdConverter.java,74
D:\program\SC_Related\git_tag\atlas\repository\src\main\java\org\apache\atlas\repository\impexp\ImportService.java,305
D:\program\SC_Related\git_tag\atlas\graphdb\janus\src\main\java\org\apache\atlas\repository\graphdb\janus\migration\GraphSONUtility.java,286
D:\program\SC_Related\git_tag\atlas\intg\src\main\java\org\apache\atlas\type\AtlasRelationshipType.java,47
D:\program\SC_Related\git_tag\atlas\webapp\src\test\java\org\apache\atlas\notification\NotificationHookConsumerIT.java,294
D:\program\SC_Related\git_tag\atlas\notification\src\test\java\org\apache\atlas\kafka\KafkaNotificationMockTest.java,155
D:\program\SC_Related\git_tag\atlas\webapp\src\test\java\org\apache\atlas\notification\NotificationHookConsumerKafkaTest.java,155
D:\program\SC_Related\git_tag\atlas\graphdb\janus\src\main\java\org\apache\atlas\repository\graphdb\janus\migration\postProcess\PostProcessListProperty.java,357
D:\program\SC_Related\git_tag\atlas\notification\src\main\java\org\apache\atlas\hook\AtlasTopicCreator.java,177
D:\program\SC_Related\git_tag\atlas\intg\src\main\java\org\apache\atlas\model\PList.java,60
D:\program\SC_Related\git_tag\atlas\addons\falcon-bridge\src\main\java\org\apache\atlas\falcon\event\FalconEvent.java,103
D:\program\SC_Related\git_tag\atlas\repository\src\main\java\org\apache\atlas\repository\graph\AtlasEdgeLabel.java,343
D:\program\SC_Related\git_tag\atlas\webapp\src\test\java\org\apache\atlas\notification\NotificationHookConsumerTest.java,155
D:\program\SC_Related\git_tag\atlas\intg\src\main\java\org\apache\atlas\entitytransform\HdfsPathEntityHandler.java,7
D:\program\SC_Related\git_tag\atlas\repository\src\main\java\org\apache\atlas\repository\converters\AtlasFormatConverters.java,74
D:\program\SC_Related\git_tag\atlas\repository\src\main\java\org\apache\atlas\repository\impexp\ExportImportAuditService.java,150
D:\program\SC_Related\git_tag\atlas\webapp\src\test\java\org\apache\atlas\web\adapters\TestEntityRESTDelete.java,142
D:\program\SC_Related\git_tag\atlas\common\src\test\java\org\apache\atlas\utils\HdfsNameServiceResolverTest.java,309
D:\program\SC_Related\git_tag\atlas\graphdb\common\src\main\java\org\apache\atlas\repository\graphdb\tinkerpop\query\expr\AndCondition.java,95
D:\program\SC_Related\git_tag\atlas\intg\src\main\java\org\apache\atlas\typesystem\types\DataTypes.java,53
D:\program\SC_Related\git_tag\atlas\common\src\main\java\org\apache\atlas\groovy\TypeCoersionExpression.java,298
D:\program\SC_Related\git_tag\atlas\intg\src\main\java\org\apache\atlas\model\glossary\AtlasGlossary.java,24
D:\program\SC_Related\git_tag\atlas\common\src\test\java\org\apache\atlas\utils\LruCacheTest.java,376
D:\program\SC_Related\git_tag\atlas\server-api\src\main\java\org\apache\atlas\exception\NotFoundException.java,114
D:\program\SC_Related\git_tag\atlas\tools\atlas-migration-exporter\src\main\java\org\apache\atlas\migration\NoOpNotificationChangeListener.java,296
D:\program\SC_Related\git_tag\atlas\repository\src\main\java\org\apache\atlas\repository\store\graph\EntityGraphDiscovery.java,384
D:\program\SC_Related\git_tag\atlas\graphdb\janus\src\main\java\org\apache\atlas\repository\graphdb\janus\migration\pc\WorkItemConsumer.java,25
D:\program\SC_Related\git_tag\atlas\intg\src\main\java\org\apache\atlas\v1\model\lineage\SchemaResponse.java,6
D:\program\SC_Related\git_tag\atlas\repository\src\main\java\org\apache\atlas\GraphTransactionAdvisor.java,336
D:\program\SC_Related\git_tag\atlas\repository\src\main\java\org\apache\atlas\repository\ogm\glossary\AtlasGlossaryDTO.java,170
D:\program\SC_Related\git_tag\atlas\notification\src\main\java\org\apache\atlas\notification\AbstractNotification.java,148
D:\program\SC_Related\git_tag\atlas\repository\src\main\java\org\apache\atlas\repository\store\graph\BulkImporter.java,182
D:\program\SC_Related\git_tag\atlas\intg\src\main\java\org\apache\atlas\utils\AtlasEntityUtil.java,330
D:\program\SC_Related\git_tag\atlas\intg\src\main\java\org\apache\atlas\model\instance\AtlasRelationship.java,131
D:\program\SC_Related\git_tag\atlas\webapp\src\main\java\org\apache\atlas\web\service\SecureEmbeddedServer.java,97
D:\program\SC_Related\git_tag\atlas\intg\src\main\java\org\apache\atlas\model\impexp\ExportImportAuditEntry.java,194
D:\program\SC_Related\git_tag\atlas\common\src\main\java\org\apache\atlas\groovy\CastExpression.java,298
D:\program\SC_Related\git_tag\atlas\intg\src\main\java\org\apache\atlas\model\notification\HookNotification.java,59
D:\program\SC_Related\git_tag\atlas\repository\src\main\java\org\apache\atlas\repository\store\graph\v2\EntityStateChecker.java,282
D:\program\SC_Related\git_tag\atlas\repository\src\main\java\org\apache\atlas\util\AtlasGremlin3QueryProvider.java,42
D:\program\SC_Related\git_tag\atlas\webapp\src\main\java\org\apache\atlas\web\filters\AtlasResponseRequestWrapper.java,46
D:\program\SC_Related\git_tag\atlas\webapp\src\test\java\org\apache\atlas\web\integration\TypedefsJerseyResourceIT.java,3
D:\program\SC_Related\git_tag\atlas\webapp\src\test\java\org\apache\atlas\web\service\AtlasZookeeperSecurityPropertiesTest.java,64
D:\program\SC_Related\git_tag\atlas\webapp\src\test\java\org\apache\atlas\web\security\UserDaoTest.java,312
D:\program\SC_Related\git_tag\atlas\notification\src\main\java\org\apache\atlas\kafka\KafkaNotification.java,155
D:\program\SC_Related\git_tag\atlas\notification\src\main\java\org\apache\atlas\kafka\AtlasKafkaMessage.java,172
D:\program\SC_Related\git_tag\atlas\notification\src\main\java\org\apache\atlas\notification\NotificationInterface.java,314
D:\program\SC_Related\git_tag\atlas\webapp\src\test\java\org\apache\atlas\web\adapters\TestEntitiesREST.java,65
D:\program\SC_Related\git_tag\atlas\webapp\src\main\java\org\apache\atlas\web\security\AtlasAuthenticationProvider.java,16
D:\program\SC_Related\git_tag\atlas\addons\sqoop-bridge\src\test\java\org\apache\atlas\sqoop\hook\SqoopHookIT.java,171
D:\program\SC_Related\git_tag\atlas\addons\hive-bridge\src\main\java\org\apache\atlas\hive\hook\events\CreateTable.java,4
D:\program\SC_Related\git_tag\atlas\repository\src\main\java\org\apache\atlas\query\GremlinClause.java,390
D:\program\SC_Related\git_tag\atlas\common\src\main\java\org\apache\atlas\utils\LruCache.java,241
D:\program\SC_Related\git_tag\atlas\client\common\src\main\java\org\apache\atlas\security\SecureClientUtils.java,84
D:\program\SC_Related\git_tag\atlas\repository\src\main\java\org\apache\atlas\repository\store\graph\v2\UniqAttrBasedEntityResolver.java,178
D:\program\SC_Related\git_tag\atlas\graphdb\janus\src\test\java\org\apache\atlas\repository\graphdb\janus\migration\JsonNodeParsersTest.java,144
D:\program\SC_Related\git_tag\atlas\webapp\src\main\java\org\apache\atlas\notification\preprocessor\HivePreprocessor.java,303
D:\program\SC_Related\git_tag\atlas\repository\src\main\java\org\apache\atlas\repository\converters\AtlasAbstractFormatConverter.java,74
D:\program\SC_Related\git_tag\atlas\webapp\src\main\java\org\apache\atlas\web\service\ActiveInstanceState.java,17
D:\program\SC_Related\git_tag\atlas\repository\src\main\java\org\apache\atlas\repository\impexp\ZipSink.java,27
D:\program\SC_Related\git_tag\atlas\repository\src\main\java\org\apache\atlas\repository\store\graph\v1\HardDeleteHandlerV1.java,162
D:\program\SC_Related\git_tag\atlas\notification\src\main\java\org\apache\atlas\kafka\EmbeddedKafkaServer.java,139
D:\program\SC_Related\git_tag\atlas\server-api\src\main\test\org\apache\atlas\ha\AtlasServerIdSelectorTest.java,34
D:\program\SC_Related\git_tag\atlas\webapp\src\test\java\org\apache\atlas\web\adapters\TestEntityREST.java,65
D:\program\SC_Related\git_tag\atlas\webapp\src\test\java\org\apache\atlas\web\filters\AtlasAuthenticationKerberosFilterTest.java,70
D:\program\SC_Related\git_tag\atlas\webapp\src\main\java\org\apache\atlas\web\dao\UserDao.java,191
D:\program\SC_Related\git_tag\atlas\repository\src\main\java\org\apache\atlas\query\IdentifierHelper.java,147
D:\program\SC_Related\git_tag\atlas\repository\src\main\java\org\apache\atlas\repository\impexp\TypeAttributeDifference.java,94
D:\program\SC_Related\git_tag\atlas\intg\src\main\java\org\apache\atlas\model\notification\AtlasNotificationStringMessage.java,148
D:\program\SC_Related\git_tag\atlas\intg\src\main\java\org\apache\atlas\model\instance\EntityMutationResponse.java,190
D:\program\SC_Related\git_tag\atlas\authorization\src\test\java\org\apache\atlas\authorize\simple\AtlasSimpleAuthorizerTest.java,222
D:\program\SC_Related\git_tag\atlas\notification\src\test\java\org\apache\atlas\notification\AbstractNotificationConsumerTest.java,62
D:\program\SC_Related\git_tag\atlas\repository\src\main\java\org\apache\atlas\repository\impexp\AtlasServerService.java,110
D:\program\SC_Related\git_tag\atlas\repository\src\test\java\org\apache\atlas\query\BasicTestSetup.java,164
D:\program\SC_Related\git_tag\atlas\repository\src\test\java\org\apache\atlas\repository\migration\HiveParititionTest.java,30
D:\program\SC_Related\git_tag\atlas\repository\src\main\java\org\apache\atlas\repository\converters\AtlasClassificationFormatConverter.java,372
D:\program\SC_Related\git_tag\atlas\intg\src\main\java\org\apache\atlas\entitytransform\TransformationConstants.java,5
D:\program\SC_Related\git_tag\atlas\graphdb\common\src\main\java\org\apache\atlas\repository\graphdb\tinkerpop\query\expr\HasPredicate.java,176
D:\program\SC_Related\git_tag\atlas\addons\hbase-bridge\src\test\java\org\apache\atlas\hbase\HBaseAtlasHookIT.java,0
D:\program\SC_Related\git_tag\atlas\addons\sqoop-bridge-shim\src\main\java\org\apache\atlas\sqoop\hook\SqoopHook.java,58
D:\program\SC_Related\git_tag\atlas\intg\src\test\java\org\apache\atlas\model\typedef\TestAtlasEntityDef.java,3
D:\program\SC_Related\git_tag\atlas\client\client-v1\src\main\java\org\apache\atlas\CreateUpdateEntitiesResult.java,130
D:\program\SC_Related\git_tag\atlas\intg\src\test\java\org\apache\atlas\model\ModelTestUtil.java,3
D:\program\SC_Related\git_tag\atlas\repository\src\main\java\org\apache\atlas\query\QueryParams.java,395
D:\program\SC_Related\git_tag\atlas\webapp\src\main\java\org\apache\atlas\web\resources\MetadataDiscoveryResource.java,13
D:\program\SC_Related\git_tag\atlas\repository\src\main\java\org\apache\atlas\repository\impexp\ZipSource.java,27
D:\program\SC_Related\git_tag\atlas\webapp\src\test\java\org\apache\atlas\web\filters\ActiveServerFilterTest.java,46
D:\program\SC_Related\git_tag\atlas\intg\src\main\java\org\apache\atlas\v1\model\typedef\HierarchicalTypeDefinition.java,122
D:\program\SC_Related\git_tag\atlas\notification\src\test\java\org\apache\atlas\notification\AtlasNotificationMessageTest.java,244
D:\program\SC_Related\git_tag\atlas\webapp\src\main\java\org\apache\atlas\web\filters\SSOAuthentication.java,119
D:\program\SC_Related\git_tag\atlas\webapp\src\main\java\org\apache\atlas\web\security\PamPrincipal.java,124
D:\program\SC_Related\git_tag\atlas\repository\src\main\java\org\apache\atlas\repository\converters\AtlasInstanceConverter.java,2
D:\program\SC_Related\git_tag\atlas\notification\src\main\java\org\apache\atlas\notification\entity\EntityMessageDeserializer.java,78
D:\program\SC_Related\git_tag\atlas\repository\src\main\java\org\apache\atlas\repository\store\graph\AtlasEntityStore.java,52
D:\program\SC_Related\git_tag\atlas\repository\src\main\java\org\apache\atlas\GraphTransactionInterceptor.java,174
D:\program\SC_Related\git_tag\atlas\repository\src\main\java\org\apache\atlas\repository\audit\EntityAuditListenerV2.java,2
D:\program\SC_Related\git_tag\atlas\webapp\src\main\java\org\apache\atlas\web\filters\AtlasKnoxSSOAuthenticationFilter.java,9
D:\program\SC_Related\git_tag\atlas\repository\src\main\java\org\apache\atlas\repository\store\graph\v1\SoftDeleteHandlerV1.java,162
D:\program\SC_Related\git_tag\atlas\repository\src\main\java\org\apache\atlas\repository\store\graph\v1\DeleteHandlerV1.java,43
D:\program\SC_Related\git_tag\atlas\repository\src\main\java\org\apache\atlas\query\antlr4\AtlasDSLParserVisitor.java,69
D:\program\SC_Related\git_tag\atlas\addons\storm-bridge\src\test\java\org\apache\atlas\storm\hook\StormAtlasHookIT.java,156
D:\program\SC_Related\git_tag\atlas\webapp\src\main\java\org\apache\atlas\util\CredentialProviderUtility.java,121
D:\program\SC_Related\git_tag\atlas\server-api\src\main\java\org\apache\atlas\listener\TypesChangeListener.java,192
D:\program\SC_Related\git_tag\atlas\intg\src\main\java\org\apache\atlas\security\InMemoryJAASConfiguration.java,402
D:\program\SC_Related\git_tag\atlas\intg\src\test\java\org\apache\atlas\model\typedef\TestAtlasEnumDef.java,120
D:\program\SC_Related\git_tag\atlas\intg\src\test\java\org\apache\atlas\type\TestAtlasBooleanType.java,29
D:\program\SC_Related\git_tag\atlas\intg\src\main\java\org\apache\atlas\model\discovery\AtlasSearchResult.java,91
D:\program\SC_Related\git_tag\atlas\intg\src\main\java\org\apache\atlas\listener\TypeDefChangeListener.java,339
D:\program\SC_Related\git_tag\atlas\webapp\src\test\java\org\apache\atlas\web\security\SSLAndKerberosTest.java,70
D:\program\SC_Related\git_tag\atlas\graphdb\janus\src\main\java\org\apache\atlas\repository\graphdb\janus\graphson\AtlasGraphSONTokens.java,235
D:\program\SC_Related\git_tag\atlas\intg\src\main\java\org\apache\atlas\v1\model\typedef\TypesDef.java,22
D:\program\SC_Related\git_tag\atlas\addons\falcon-bridge\src\main\java\org\apache\atlas\falcon\hook\FalconHook.java,103
D:\program\SC_Related\git_tag\atlas\common\src\main\java\org\apache\atlas\ha\HAConfiguration.java,17
D:\program\SC_Related\git_tag\atlas\graphdb\api\src\main\java\org\apache\atlas\repository\graphdb\AtlasVertex.java,201
D:\program\SC_Related\git_tag\atlas\repository\src\main\java\org\apache\atlas\discovery\ClassificationSearchProcessor.java,93
D:\program\SC_Related\git_tag\atlas\addons\sqoop-bridge\src\main\java\org\apache\atlas\sqoop\hook\SqoopHook.java,57
D:\program\SC_Related\git_tag\atlas\intg\src\main\java\org\apache\atlas\utils\AuthenticationUtil.java,104
D:\program\SC_Related\git_tag\atlas\graphdb\janus\src\main\java\org\apache\atlas\repository\graphdb\janus\AtlasJanusEdge.java,21
D:\program\SC_Related\git_tag\atlas\common\src\main\java\org\apache\atlas\groovy\GroovyExpression.java,197
D:\program\SC_Related\git_tag\atlas\webapp\src\test\java\org\apache\atlas\web\resources\AdminResourceTest.java,102
D:\program\SC_Related\git_tag\atlas\graphdb\janus\src\test\java\org\apache\atlas\repository\graphdb\janus\GraphQueryTest.java,43
D:\program\SC_Related\git_tag\atlas\repository\src\main\java\org\apache\atlas\repository\impexp\ImportTransformer.java,12
D:\program\SC_Related\git_tag\atlas\graphdb\janus\src\main\java\org\apache\atlas\repository\graphdb\janus\AtlasJanusElement.java,68
D:\program\SC_Related\git_tag\atlas\addons\sqoop-bridge\src\main\java\org\apache\atlas\sqoop\model\SqoopDataTypes.java,133
D:\program\SC_Related\git_tag\atlas\common\src\main\java\org\apache\atlas\annotation\GraphTransaction.java,152
D:\program\SC_Related\git_tag\atlas\repository\src\main\java\org\apache\atlas\repository\impexp\AuditsWriter.java,200
D:\program\SC_Related\git_tag\atlas\intg\src\main\java\org\apache\atlas\entitytransform\BaseEntityHandler.java,146
D:\program\SC_Related\git_tag\atlas\repository\src\test\java\org\apache\atlas\repository\impexp\TypeAttributeDifferenceTest.java,94
D:\program\SC_Related\git_tag\atlas\repository\src\main\java\org\apache\atlas\repository\graph\GraphBackedSearchIndexer.java,81
D:\program\SC_Related\git_tag\atlas\repository\src\main\java\org\apache\atlas\repository\store\graph\AtlasTypeDefGraphStore.java,3
D:\program\SC_Related\git_tag\atlas\repository\src\test\java\org\apache\atlas\repository\store\graph\v2\AtlasRelationshipStoreHardDeleteV2Test.java,45
D:\program\SC_Related\git_tag\atlas\intg\src\main\java\org\apache\atlas\model\typedef\AtlasBaseTypeDef.java,8
D:\program\SC_Related\git_tag\atlas\repository\src\main\java\org\apache\atlas\repository\converters\AtlasMapFormatConverter.java,74
D:\program\SC_Related\git_tag\atlas\repository\src\main\java\org\apache\atlas\repository\audit\EntityAuditListener.java,2
D:\program\SC_Related\git_tag\atlas\webapp\src\main\java\org\apache\atlas\examples\QuickStartV2.java,164
D:\program\SC_Related\git_tag\atlas\webapp\src\main\java\org\apache\atlas\web\filters\NullServletContext.java,26
D:\program\SC_Related\git_tag\atlas\repository\src\test\java\org\apache\atlas\repository\impexp\ImportTransformsTest.java,98
D:\program\SC_Related\git_tag\atlas\addons\storm-bridge\src\main\java\org\apache\atlas\storm\model\StormDataTypes.java,132
D:\program\SC_Related\git_tag\atlas\graphdb\janus\src\main\java\org\apache\atlas\repository\graphdb\janus\AtlasJanusGraphManagement.java,81
D:\program\SC_Related\git_tag\atlas\repository\src\test\java\org\apache\atlas\glossary\GlossaryServiceTest.java,195
D:\program\SC_Related\git_tag\atlas\graphdb\janus\src\test\java\org\apache\atlas\repository\graphdb\janus\migration\BaseUtils.java,79
D:\program\SC_Related\git_tag\atlas\intg\src\main\java\org\apache\atlas\model\legacy\EntityResult.java,304
D:\program\SC_Related\git_tag\atlas\intg\src\main\java\org\apache\atlas\v1\model\instance\AtlasSystemAttributes.java,71
D:\program\SC_Related\git_tag\atlas\intg\src\main\java\org\apache\atlas\model\glossary\enums\AtlasTermRelationshipStatus.java,137
D:\program\SC_Related\git_tag\atlas\graphdb\janus\src\test\java\org\apache\atlas\repository\graphdb\janus\AbstractGraphDatabaseTest.java,189
D:\program\SC_Related\git_tag\atlas\notification\src\test\java\org\apache\atlas\notification\MessageVersionTest.java,244
D:\program\SC_Related\git_tag\atlas\repository\src\test\java\org\apache\atlas\repository\store\graph\v2\AtlasEntityTestBase.java,140
D:\program\SC_Related\git_tag\atlas\intg\src\main\java\org\apache\atlas\v1\model\typedef\Multiplicity.java,179
D:\program\SC_Related\git_tag\atlas\webapp\src\main\java\org\apache\atlas\web\params\DateTimeParam.java,198
D:\program\SC_Related\git_tag\atlas\graphdb\janus\src\test\java\org\apache\atlas\repository\graphdb\janus\JanusGraphProviderTest.java,306
D:\program\SC_Related\git_tag\atlas\webapp\src\test\java\org\apache\atlas\web\integration\EntityLineageJerseyResourceIT.java,75
D:\program\SC_Related\git_tag\atlas\addons\kafka-bridge\src\test\java\org\apache\atlas\kafka\bridge\KafkaBridgeTest.java,177
D:\program\SC_Related\git_tag\atlas\intg\src\main\java\org\apache\atlas\model\TypeCategory.java,53
D:\program\SC_Related\git_tag\atlas\webapp\src\test\java\org\apache\atlas\web\integration\BaseResourceIT.java,3
D:\program\SC_Related\git_tag\atlas\intg\src\main\java\org\apache\atlas\store\DeleteType.java,111
D:\program\SC_Related\git_tag\atlas\intg\src\main\java\org\apache\atlas\store\AtlasTypeDefStore.java,3
D:\program\SC_Related\git_tag\atlas\intg\src\main\java\org\apache\atlas\v1\model\typedef\EnumTypeDefinition.java,175
D:\program\SC_Related\git_tag\atlas\repository\src\main\java\org\apache\atlas\repository\impexp\ImportTransformsShaper.java,73
D:\program\SC_Related\git_tag\atlas\intg\src\main\java\org\apache\atlas\v1\model\notification\HookNotificationV1.java,8
D:\program\SC_Related\git_tag\atlas\repository\src\main\java\org\apache\atlas\util\IndexedInstance.java,10
D:\program\SC_Related\git_tag\atlas\client\common\src\main\java\org\apache\atlas\ResourceCreator.java,86
D:\program\SC_Related\git_tag\atlas\repository\src\test\java\org\apache\atlas\repository\impexp\AtlasServerServiceTest.java,110
D:\program\SC_Related\git_tag\atlas\intg\src\main\java\org\apache\atlas\v1\model\typedef\ClassTypeDefinition.java,59
D:\program\SC_Related\git_tag\atlas\addons\falcon-bridge\src\main\java\org\apache\atlas\falcon\Util\EventUtil.java,89
D:\program\SC_Related\git_tag\atlas\repository\src\test\java\org\apache\atlas\repository\impexp\ReplicationEntityAttributeTest.java,88
D:\program\SC_Related\git_tag\atlas\intg\src\main\java\org\apache\atlas\type\AtlasStructType.java,28
D:\program\SC_Related\git_tag\atlas\intg\src\main\java\org\apache\atlas\model\instance\AtlasEntityHeaders.java,59
D:\program\SC_Related\git_tag\atlas\common\src\main\java\org\apache\atlas\annotation\AtlasService.java,152
D:\program\SC_Related\git_tag\atlas\repository\src\test\java\org\apache\atlas\repository\audit\CassandraAuditRepositoryTest.java,187
D:\program\SC_Related\git_tag\atlas\intg\src\main\java\org\apache\atlas\model\instance\AtlasStruct.java,8
D:\program\SC_Related\git_tag\atlas\intg\src\test\java\org\apache\atlas\model\typedef\TestAtlasClassificationDef.java,123
D:\program\SC_Related\git_tag\atlas\graphdb\janus\src\main\java\org\apache\atlas\repository\graphdb\janus\migration\ElementProcessors.java,356
D:\program\SC_Related\git_tag\atlas\intg\src\test\java\org\apache\atlas\security\InMemoryJAASConfigurationTest.java,378
D:\program\SC_Related\git_tag\atlas\addons\hbase-bridge\src\main\java\org\apache\atlas\hbase\model\HBaseDataTypes.java,117
D:\program\SC_Related\git_tag\atlas\repository\src\main\java\org\apache\atlas\repository\store\graph\v2\AtlasEntityStream.java,151
D:\program\SC_Related\git_tag\atlas\graphdb\api\src\main\java\org\apache\atlas\repository\graphdb\AtlasSchemaViolationException.java,285
D:\program\SC_Related\git_tag\atlas\graphdb\janus\src\main\java\org\apache\atlas\repository\graphdb\janus\migration\TypesDefScrubber.java,3
D:\program\SC_Related\git_tag\atlas\addons\storm-bridge\src\test\java\org\apache\atlas\storm\hook\StormTestUtil.java,156
D:\program\SC_Related\git_tag\atlas\graphdb\janus\src\main\java\org\apache\atlas\repository\graphdb\janus\migration\ReaderStatusManager.java,325
D:\program\SC_Related\git_tag\atlas\addons\hive-bridge\src\main\java\org\apache\atlas\hive\hook\HiveHook.java,310
D:\program\SC_Related\git_tag\atlas\addons\hive-bridge\src\main\java\org\apache\atlas\hive\hook\events\AlterTableRename.java,183
D:\program\SC_Related\git_tag\atlas\webapp\src\main\java\org\apache\atlas\web\security\PamLoginModule.java,113
D:\program\SC_Related\git_tag\atlas\addons\hive-bridge\src\test\java\org\apache\atlas\hive\bridge\HiveMetaStoreBridgeTest.java,48
D:\program\SC_Related\git_tag\atlas\repository\src\test\java\org\apache\atlas\repository\migration\TypesWithClassificationTest.java,30
D:\program\SC_Related\git_tag\atlas\graphdb\janus\src\main\java\org\apache\atlas\repository\graphdb\janus\GraphDbObjectFactory.java,184
D:\program\SC_Related\git_tag\atlas\webapp\src\test\java\org\apache\atlas\web\service\CuratorFactoryTest.java,17
D:\program\SC_Related\git_tag\atlas\intg\src\test\java\org\apache\atlas\model\instance\TestAtlasEntity.java,166
D:\program\SC_Related\git_tag\atlas\repository\src\test\java\org\apache\atlas\repository\audit\AuditRepositoryTestBase.java,80
D:\program\SC_Related\git_tag\atlas\webapp\src\main\java\org\apache\atlas\web\resources\TypesResource.java,36
D:\program\SC_Related\git_tag\atlas\common\src\main\java\org\apache\atlas\groovy\TernaryOperatorExpression.java,298
D:\program\SC_Related\git_tag\atlas\plugin-classloader\src\main\java\org\apache\atlas\plugin\classloader\AtlasPluginClassLoader.java,188
D:\program\SC_Related\git_tag\atlas\common\src\main\java\org\apache\atlas\groovy\ComparisonExpression.java,82
D:\program\SC_Related\git_tag\atlas\addons\hive-bridge\src\main\java\org\apache\atlas\hive\model\HiveDataTypes.java,196
D:\program\SC_Related\git_tag\atlas\notification\src\test\java\org\apache\atlas\notification\SplitMessageAggregatorTest.java,61
D:\program\SC_Related\git_tag\atlas\webapp\src\test\java\org\apache\atlas\web\service\ServiceStateTest.java,23
D:\program\SC_Related\git_tag\atlas\addons\hive-bridge\src\main\java\org\apache\atlas\hive\bridge\HiveMetaStoreBridge.java,48
D:\program\SC_Related\git_tag\atlas\graphdb\janus\src\main\java\org\janusgraph\diskstorage\solr\Solr6Index.java,76
D:\program\SC_Related\git_tag\atlas\webapp\src\main\java\org\apache\atlas\web\resources\DataSetLineageResource.java,36
D:\program\SC_Related\git_tag\atlas\common\src\main\java\org\apache\atlas\CommonConfiguration.java,211
D:\program\SC_Related\git_tag\atlas\repository\src\main\java\org\apache\atlas\repository\ogm\glossary\AtlasGlossaryTermDTO.java,83
D:\program\SC_Related\git_tag\atlas\repository\src\test\java\org\apache\atlas\repository\tagpropagation\ClassificationPropagationTest.java,368
D:\program\SC_Related\git_tag\atlas\webapp\src\test\java\org\apache\atlas\web\integration\TypesJerseyResourceIT.java,3
D:\program\SC_Related\git_tag\atlas\repository\src\test\java\org\apache\atlas\repository\migration\MigrationProgressServiceTest.java,66
D:\program\SC_Related\git_tag\atlas\repository\src\main\java\org\apache\atlas\repository\store\graph\v2\AtlasClassificationDefStoreV2.java,3
D:\program\SC_Related\git_tag\atlas\webapp\src\main\java\org\apache\atlas\web\resources\AdminResource.java,36
D:\program\SC_Related\git_tag\atlas\graphdb\api\src\main\java\org\apache\atlas\repository\graphdb\GremlinVersion.java,112
D:\program\SC_Related\git_tag\atlas\notification\src\main\java\org\apache\atlas\notification\NotificationConsumer.java,186
D:\program\SC_Related\git_tag\atlas\addons\falcon-bridge\src\main\java\org\apache\atlas\falcon\service\AtlasService.java,103
D:\program\SC_Related\git_tag\atlas\webapp\src\main\java\org\apache\atlas\web\filters\AuditFilter.java,9
D:\program\SC_Related\git_tag\atlas\repository\src\main\java\org\apache\atlas\repository\impexp\ZipExportFileNames.java,63
D:\program\SC_Related\git_tag\atlas\webapp\src\main\java\org\apache\atlas\web\util\LineageUtils.java,75
D:\program\SC_Related\git_tag\atlas\notification\src\test\java\org\apache\atlas\notification\hook\HookNotificationDeserializerTest.java,72
D:\program\SC_Related\git_tag\atlas\intg\src\main\java\org\apache\atlas\model\impexp\AtlasImportRequest.java,311
D:\program\SC_Related\git_tag\atlas\webapp\src\main\java\org\apache\atlas\web\setup\SetupSteps.java,17
D:\program\SC_Related\git_tag\atlas\repository\src\main\java\org\apache\atlas\util\AttributeValueMap.java,10
D:\program\SC_Related\git_tag\atlas\graphdb\janus\src\main\java\org\apache\atlas\repository\graphdb\janus\AtlasJanusGraph.java,32
D:\program\SC_Related\git_tag\atlas\graphdb\janus\src\main\java\org\apache\atlas\repository\graphdb\janus\serializer\BigIntegerSerializer.java,38
D:\program\SC_Related\git_tag\atlas\repository\src\main\java\org\apache\atlas\query\GremlinQuery.java,169
D:\program\SC_Related\git_tag\atlas\webapp\src\test\java\org\apache\atlas\examples\QuickStartIT.java,164
D:\program\SC_Related\git_tag\atlas\webapp\src\main\java\org\apache\atlas\web\errors\ExceptionMapperUtil.java,101
D:\program\SC_Related\git_tag\atlas\repository\src\main\java\org\apache\atlas\repository\store\graph\v2\AtlasEntityStoreV2.java,52
D:\program\SC_Related\git_tag\atlas\webapp\src\main\java\org\apache\atlas\web\service\UserService.java,167
D:\program\SC_Related\git_tag\atlas\repository\src\main\java\org\apache\atlas\glossary\GlossaryService.java,322
D:\program\SC_Related\git_tag\atlas\repository\src\main\java\org\apache\atlas\repository\store\bootstrap\AtlasTypeDefStoreInitializer.java,125
D:\program\SC_Related\git_tag\atlas\graphdb\janus\src\main\java\org\apache\atlas\repository\graphdb\janus\migration\AtlasGraphSONReader.java,15
D:\program\SC_Related\git_tag\atlas\notification\src\test\java\org\apache\atlas\notification\hook\HookNotificationTest.java,140
D:\program\SC_Related\git_tag\atlas\webapp\src\main\java\org\apache\atlas\web\errors\AtlasBaseExceptionMapper.java,126
D:\program\SC_Related\git_tag\atlas\intg\src\test\java\org\apache\atlas\entitytransform\TransformationHandlerTest.java,98
D:\program\SC_Related\git_tag\atlas\intg\src\main\java\org\apache\atlas\v1\model\typedef\AttributeDefinition.java,328
D:\program\SC_Related\git_tag\atlas\common\src\main\java\org\apache\atlas\groovy\GroovyGenerationContext.java,118
D:\program\SC_Related\git_tag\atlas\repository\src\test\java\org\apache\atlas\repository\store\graph\v2\AtlasRelationshipStoreSoftDeleteV2Test.java,45
D:\program\SC_Related\git_tag\atlas\intg\src\test\java\org\apache\atlas\type\TestAtlasDateType.java,29
D:\program\SC_Related\git_tag\atlas\repository\src\main\java\org\apache\atlas\query\RegistryBasedLookup.java,92
D:\program\SC_Related\git_tag\atlas\addons\hbase-bridge\src\main\java\org\apache\atlas\hbase\bridge\HBaseBridge.java,0
D:\program\SC_Related\git_tag\atlas\graphdb\janus\src\main\java\org\apache\atlas\repository\graphdb\janus\migration\GraphSONTokensTP2.java,286
D:\program\SC_Related\git_tag\atlas\intg\src\test\java\org\apache\atlas\type\TestAtlasIntType.java,29
D:\program\SC_Related\git_tag\atlas\intg\src\main\java\org\apache\atlas\model\typedef\AtlasEnumDef.java,8
D:\program\SC_Related\git_tag\atlas\authorization\src\main\java\org\apache\atlas\authorize\AtlasAuthorizationException.java,141
D:\program\SC_Related\git_tag\atlas\intg\src\main\java\org\apache\atlas\model\audit\EntityAuditEventV2.java,2
D:\program\SC_Related\git_tag\atlas\graphdb\api\src\main\java\org\apache\atlas\repository\graphdb\AtlasGraphManagement.java,81
D:\program\SC_Related\git_tag\atlas\repository\src\main\java\org\apache\atlas\repository\store\graph\v2\AtlasEntityGraphDiscoveryV2.java,28
D:\program\SC_Related\git_tag\atlas\webapp\src\test\java\org\apache\atlas\web\security\NegativeSSLAndKerberosTest.java,70
