Path,clusterLabels,CountLineCode
D:\program\SC_Related\git_tag\atlas\common\src\main\java\org\apache\atlas\groovy\FieldExpression.java,16,26
D:\program\SC_Related\git_tag\atlas\repository\src\test\java\org\apache\atlas\repository\impexp\ZipSinkTest.java,1,180
D:\program\SC_Related\git_tag\atlas\intg\src\main\java\org\apache\atlas\listener\EntityChangeListenerV2.java,22,17
D:\program\SC_Related\git_tag\atlas\webapp\src\test\java\org\apache\atlas\web\listeners\LoginProcessorIT.java,1,63
D:\program\SC_Related\git_tag\atlas\intg\src\main\java\org\apache\atlas\model\instance\AtlasObjectId.java,1,149
D:\program\SC_Related\git_tag\atlas\repository\src\test\java\org\apache\atlas\repository\store\graph\v2\AtlasComplexAttributesTest.java,1,376
D:\program\SC_Related\git_tag\atlas\intg\src\main\java\org\apache\atlas\model\annotation\AtlasJSON.java,1,15
D:\program\SC_Related\git_tag\atlas\authorization\src\main\java\org\apache\atlas\authorize\AtlasAuthorizationUtils.java,14,156
D:\program\SC_Related\git_tag\atlas\repository\src\test\java\org\apache\atlas\repository\migration\HiveStocksTest.java,1,42
D:\program\SC_Related\git_tag\atlas\repository\src\test\java\org\apache\atlas\repository\impexp\ExportSkipLineageTest.java,1,82
D:\program\SC_Related\git_tag\atlas\addons\hive-bridge\src\test\java\org\apache\atlas\hive\hook\HiveHookIT.java,1,1367
D:\program\SC_Related\git_tag\atlas\repository\src\main\java\org\apache\atlas\repository\store\graph\v2\ClassificationAssociator.java,1,242
D:\program\SC_Related\git_tag\atlas\graphdb\janus\src\main\java\org\apache\atlas\repository\graphdb\janus\graphson\AtlasElementPropertyConfig.java,5,82
D:\program\SC_Related\git_tag\atlas\addons\storm-bridge-shim\src\main\java\org\apache\atlas\storm\hook\StormAtlasHook.java,7,64
D:\program\SC_Related\git_tag\atlas\intg\src\main\java\org\apache\atlas\exception\AtlasBaseException.java,8,51
D:\program\SC_Related\git_tag\atlas\repository\src\main\java\org\apache\atlas\repository\ogm\profiles\AtlasUserProfileDTO.java,1,80
D:\program\SC_Related\git_tag\atlas\graphdb\api\src\main\java\org\apache\atlas\repository\graphdb\AtlasGraphTraversalSource.java,18,13
D:\program\SC_Related\git_tag\atlas\repository\src\main\java\org\apache\atlas\repository\impexp\ExportService.java,1,679
D:\program\SC_Related\git_tag\atlas\addons\falcon-bridge-shim\src\main\java\org\apache\atlas\falcon\service\AtlasService.java,1,159
D:\program\SC_Related\git_tag\atlas\notification\src\test\java\org\apache\atlas\kafka\KafkaNotificationTest.java,36,66
D:\program\SC_Related\git_tag\atlas\common\src\main\java\org\apache\atlas\utils\PropertiesUtil.java,1,102
D:\program\SC_Related\git_tag\atlas\addons\hive-bridge\src\main\java\org\apache\atlas\hive\hook\events\AlterTableRenameCol.java,1,66
D:\program\SC_Related\git_tag\atlas\webapp\src\main\java\org\apache\atlas\web\errors\AllExceptionMapper.java,1,22
D:\program\SC_Related\git_tag\atlas\addons\kafka-bridge\src\main\java\org\apache\atlas\kafka\bridge\KafkaBridge.java,1,275
D:\program\SC_Related\git_tag\atlas\repository\src\main\java\org\apache\atlas\repository\ogm\DataTransferObject.java,1,16
D:\program\SC_Related\git_tag\atlas\webapp\src\test\java\org\apache\atlas\web\service\ActiveInstanceStateTest.java,1,131
D:\program\SC_Related\git_tag\atlas\webapp\src\test\java\org\apache\atlas\web\filters\AuditFilterTest.java,1,88
D:\program\SC_Related\git_tag\atlas\intg\src\test\java\org\apache\atlas\type\TestAtlasStructType.java,1,146
D:\program\SC_Related\git_tag\atlas\authorization\src\main\java\org\apache\atlas\authorize\AtlasNoneAuthorizer.java,14,27
D:\program\SC_Related\git_tag\atlas\client\client-v1\src\main\java\org\apache\atlas\EntityAuditEvent.java,1,159
D:\program\SC_Related\git_tag\atlas\repository\src\main\java\org\apache\atlas\repository\audit\CassandraBasedAuditRepository.java,6,195
D:\program\SC_Related\git_tag\atlas\common\src\main\java\org\apache\atlas\groovy\VariableAssignmentExpression.java,16,37
D:\program\SC_Related\git_tag\atlas\webapp\src\main\java\org\apache\atlas\web\service\ActiveInstanceElectorService.java,6,130
D:\program\SC_Related\git_tag\atlas\repository\src\test\java\org\apache\atlas\repository\impexp\IncrementalExportEntityProviderTest.java,1,58
D:\program\SC_Related\git_tag\atlas\webapp\src\main\java\org\apache\atlas\web\service\ServiceState.java,6,72
D:\program\SC_Related\git_tag\atlas\intg\src\test\java\org\apache\atlas\ApplicationPropertiesTest.java,1,106
D:\program\SC_Related\git_tag\atlas\addons\hive-bridge\src\main\java\org\apache\atlas\hive\hook\events\AlterDatabase.java,1,22
D:\program\SC_Related\git_tag\atlas\repository\src\main\java\org\apache\atlas\repository\store\graph\v2\AtlasEntityDefStoreV2.java,1,236
D:\program\SC_Related\git_tag\atlas\intg\src\main\java\org\apache\atlas\v1\model\lineage\LineageResponse.java,1,45
D:\program\SC_Related\git_tag\atlas\intg\src\test\java\org\apache\atlas\type\TestAtlasBigIntegerType.java,1,74
D:\program\SC_Related\git_tag\atlas\webapp\src\main\java\org\apache\atlas\web\service\AtlasZookeeperSecurityProperties.java,1,36
D:\program\SC_Related\git_tag\atlas\graphdb\api\src\main\java\org\apache\atlas\repository\graphdb\AtlasVertexQuery.java,1,11
D:\program\SC_Related\git_tag\atlas\repository\src\main\java\org\apache\atlas\repository\graph\AtlasGraphProvider.java,1,90
D:\program\SC_Related\git_tag\atlas\client\client-v2\src\main\java\org\apache\atlas\AtlasClientV2.java,1,406
D:\program\SC_Related\git_tag\atlas\intg\src\main\java\org\apache\atlas\AtlasException.java,8,17
D:\program\SC_Related\git_tag\atlas\repository\src\test\java\org\apache\atlas\services\MetricsServiceTest.java,1,124
D:\program\SC_Related\git_tag\atlas\webapp\src\test\java\org\apache\atlas\web\integration\DataSetLineageJerseyResourceIT.java,1,209
D:\program\SC_Related\git_tag\atlas\repository\src\test\java\org\apache\atlas\repository\impexp\AtlasImportRequestTest.java,1,98
D:\program\SC_Related\git_tag\atlas\webapp\src\test\java\org\apache\atlas\web\setup\SetupStepsTest.java,1,199
D:\program\SC_Related\git_tag\atlas\authorization\src\main\java\org\apache\atlas\authorize\AtlasRelationshipAccessRequest.java,1,56
D:\program\SC_Related\git_tag\atlas\repository\src\main\java\org\apache\atlas\repository\store\graph\v2\BulkImporterImpl.java,12,150
D:\program\SC_Related\git_tag\atlas\intg\src\main\java\org\apache\atlas\listener\ChangedTypeDefs.java,32,42
D:\program\SC_Related\git_tag\atlas\webapp\src\main\java\org\apache\atlas\LocalServletRequest.java,1,309
D:\program\SC_Related\git_tag\atlas\repository\src\main\java\org\apache\atlas\repository\util\UniqueList.java,1,50
D:\program\SC_Related\git_tag\atlas\repository\src\test\java\org\apache\atlas\repository\impexp\ZipFileResourceTestUtils.java,1,291
D:\program\SC_Related\git_tag\atlas\common\src\main\java\org\apache\atlas\AtlasConstants.java,1,16
D:\program\SC_Related\git_tag\atlas\repository\src\main\java\org\apache\atlas\discovery\EntitySearchProcessor.java,1,233
D:\program\SC_Related\git_tag\atlas\intg\src\main\java\org\apache\atlas\model\impexp\AtlasExportResult.java,1,200
D:\program\SC_Related\git_tag\atlas\repository\src\main\java\org\apache\atlas\repository\store\graph\v2\IDBasedEntityResolver.java,1,53
D:\program\SC_Related\git_tag\atlas\intg\src\test\java\org\apache\atlas\security\InMemoryJAASConfigurationTicketBasedKafkaClientTest.java,1,22
D:\program\SC_Related\git_tag\atlas\webapp\src\main\java\org\apache\atlas\web\security\AtlasLdapAuthenticationProvider.java,14,236
D:\program\SC_Related\git_tag\atlas\repository\src\test\java\org\apache\atlas\repository\impexp\ExportImportTestBase.java,1,62
D:\program\SC_Related\git_tag\atlas\repository\src\test\java\org\apache\atlas\repository\migration\RelationshipCacheGeneratorTest.java,1,62
D:\program\SC_Related\git_tag\atlas\repository\src\main\java\org\apache\atlas\discovery\EntityLineageService.java,1,253
D:\program\SC_Related\git_tag\atlas\notification\src\main\java\org\apache\atlas\hook\AtlasHook.java,1,208
D:\program\SC_Related\git_tag\atlas\client\common\src\main\java\org\apache\atlas\AtlasServerEnsemble.java,1,26
D:\program\SC_Related\git_tag\atlas\repository\src\main\java\org\apache\atlas\query\DSLVisitor.java,1,243
D:\program\SC_Related\git_tag\atlas\repository\src\test\java\org\apache\atlas\repository\impexp\ImportTransformerJSONTest.java,1,22
D:\program\SC_Related\git_tag\atlas\addons\falcon-bridge\src\test\java\org\apache\atlas\falcon\hook\FalconHookIT.java,3,268
D:\program\SC_Related\git_tag\atlas\intg\src\test\java\org\apache\atlas\type\TestAtlasBuiltInTypesFloatDouble.java,1,37
D:\program\SC_Related\git_tag\atlas\repository\src\main\java\org\apache\atlas\query\antlr4\AtlasDSLLexer.java,24,326
D:\program\SC_Related\git_tag\atlas\repository\src\test\java\org\apache\atlas\repository\impexp\ImportTransformerTest.java,1,91
D:\program\SC_Related\git_tag\atlas\repository\src\test\java\org\apache\atlas\repository\store\graph\v2\AtlasRelationshipDefStoreV2Test.java,1,273
D:\program\SC_Related\git_tag\atlas\repository\src\main\java\org\apache\atlas\repository\audit\NoopEntityAuditRepository.java,1,51
D:\program\SC_Related\git_tag\atlas\repository\src\test\java\org\apache\atlas\repository\migration\TypesDefScrubberTest.java,1,76
D:\program\SC_Related\git_tag\atlas\intg\src\main\java\org\apache\atlas\entitytransform\TransformerContext.java,1,23
D:\program\SC_Related\git_tag\atlas\intg\src\main\java\org\apache\atlas\model\lineage\AtlasLineageInfo.java,1,146
D:\program\SC_Related\git_tag\atlas\repository\src\main\java\org\apache\atlas\services\MetricsService.java,1,114
D:\program\SC_Related\git_tag\atlas\authorization\src\main\java\org\apache\atlas\authorize\AtlasAuthorizer.java,14,35
D:\program\SC_Related\git_tag\atlas\webapp\src\test\java\org\apache\atlas\notification\AdaptiveWaiterTest.java,12,41
D:\program\SC_Related\git_tag\atlas\webapp\src\main\java\org\apache\atlas\web\util\AtlasJsonProvider.java,10,22
D:\program\SC_Related\git_tag\atlas\graphdb\common\src\main\java\org\apache\atlas\repository\graphdb\tinkerpop\query\TinkerpopGraphQuery.java,1,168
D:\program\SC_Related\git_tag\atlas\webapp\src\test\java\org\apache\atlas\web\integration\AdminJerseyResourceIT.java,1,22
D:\program\SC_Related\git_tag\atlas\graphdb\janus\src\test\java\org\apache\atlas\repository\graphdb\janus\migration\ReaderStatusManagerTest.java,1,34
D:\program\SC_Related\git_tag\atlas\common\src\main\java\org\apache\atlas\groovy\ListExpression.java,16,38
D:\program\SC_Related\git_tag\atlas\graphdb\janus\src\main\java\org\apache\atlas\repository\graphdb\janus\serializer\BigDecimalSerializer.java,10,22
D:\program\SC_Related\git_tag\atlas\common\src\main\java\org\apache\atlas\groovy\TraversalStepType.java,18,15
D:\program\SC_Related\git_tag\atlas\repository\src\test\java\org\apache\atlas\repository\migration\MigrationBaseAsserts.java,1,140
D:\program\SC_Related\git_tag\atlas\notification\src\main\java\org\apache\atlas\hook\AtlasHookException.java,8,17
D:\program\SC_Related\git_tag\atlas\repository\src\main\java\org\apache\atlas\util\AtlasGremlin2QueryProvider.java,1,86
D:\program\SC_Related\git_tag\atlas\intg\src\main\java\org\apache\atlas\AtlasConfiguration.java,1,50
D:\program\SC_Related\git_tag\atlas\common\src\main\java\org\apache\atlas\groovy\IdentifierExpression.java,16,39
D:\program\SC_Related\git_tag\atlas\intg\src\main\java\org\apache\atlas\model\glossary\AtlasGlossaryCategory.java,1,121
D:\program\SC_Related\git_tag\atlas\server-api\src\main\java\org\apache\atlas\setup\SetupStep.java,2,4
D:\program\SC_Related\git_tag\atlas\graphdb\janus\src\main\java\org\apache\atlas\repository\graphdb\janus\AtlasJanusVertex.java,5,68
D:\program\SC_Related\git_tag\atlas\graphdb\common\src\main\java\org\apache\atlas\repository\graphdb\tinkerpop\query\expr\InPredicate.java,1,20
D:\program\SC_Related\git_tag\atlas\intg\src\main\java\org\apache\atlas\ApplicationProperties.java,1,187
D:\program\SC_Related\git_tag\atlas\graphdb\api\src\main\java\org\apache\atlas\repository\graphdb\AtlasGraph.java,1,45
D:\program\SC_Related\git_tag\atlas\webapp\src\main\java\org\apache\atlas\notification\NotificationHookConsumer.java,1,872
D:\program\SC_Related\git_tag\atlas\webapp\src\test\java\org\apache\atlas\examples\QuickStartV2IT.java,1,163
D:\program\SC_Related\git_tag\atlas\webapp\src\main\java\org\apache\atlas\web\filters\AtlasAuthenticationEntryPoint.java,1,34
D:\program\SC_Related\git_tag\atlas\repository\src\test\java\org\apache\atlas\repository\store\graph\AtlasTypeDefGraphStoreTest.java,1,553
D:\program\SC_Related\git_tag\atlas\graphdb\janus\src\main\java\org\apache\atlas\repository\graphdb\janus\serializer\TypeCategorySerializer.java,10,8
D:\program\SC_Related\git_tag\atlas\intg\src\main\java\org\apache\atlas\model\glossary\enums\AtlasTermAssignmentStatus.java,13,18
D:\program\SC_Related\git_tag\atlas\webapp\src\main\java\org\apache\atlas\web\rest\EntityREST.java,1,573
D:\program\SC_Related\git_tag\atlas\repository\src\test\java\org\apache\atlas\utils\TestResourceFileUtils.java,1,64
D:\program\SC_Related\git_tag\atlas\webapp\src\main\java\org\apache\atlas\web\security\AtlasAuthenticationSuccessHandler.java,1,30
D:\program\SC_Related\git_tag\atlas\repository\src\main\java\org\apache\atlas\discovery\TermSearchProcessor.java,1,73
D:\program\SC_Related\git_tag\atlas\plugin-classloader\src\main\java\org\apache\atlas\plugin\classloader\AtlasPluginClassLoaderUtil.java,1,72
D:\program\SC_Related\git_tag\atlas\repository\src\main\java\org\apache\atlas\repository\migration\DataMigrationService.java,1,129
D:\program\SC_Related\git_tag\atlas\repository\src\main\java\org\apache\atlas\repository\impexp\HdfsPathEntityCreator.java,1,90
D:\program\SC_Related\git_tag\atlas\repository\src\main\java\org\apache\atlas\repository\store\graph\v2\AtlasEntityStreamForImport.java,1,40
D:\program\SC_Related\git_tag\atlas\repository\src\main\java\org\apache\atlas\repository\store\graph\AtlasRelationshipStore.java,1,18
D:\program\SC_Related\git_tag\atlas\client\client-v1\src\test\java\org\apache\atlas\AtlasClientTest.java,1,366
D:\program\SC_Related\git_tag\atlas\intg\src\main\java\org\apache\atlas\model\instance\GuidMapping.java,1,46
D:\program\SC_Related\git_tag\atlas\addons\hive-bridge\src\main\java\org\apache\atlas\hive\hook\events\AlterTable.java,1,22
D:\program\SC_Related\git_tag\atlas\intg\src\main\java\org\apache\atlas\model\typedef\AtlasStructDef.java,1,499
D:\program\SC_Related\git_tag\atlas\repository\src\main\java\org\apache\atlas\repository\store\graph\v2\AtlasAbstractDefStoreV2.java,1,73
D:\program\SC_Related\git_tag\atlas\addons\falcon-bridge\src\main\java\org\apache\atlas\falcon\model\FalconDataTypes.java,3,11
D:\program\SC_Related\git_tag\atlas\repository\src\test\java\org\apache\atlas\repository\impexp\ExportServiceTest.java,1,298
D:\program\SC_Related\git_tag\atlas\webapp\src\test\java\org\apache\atlas\web\integration\BasicSearchIT.java,1,131
D:\program\SC_Related\git_tag\atlas\graphdb\janus\src\test\java\org\apache\atlas\repository\graphdb\janus\migration\WorkItemManagerTest.java,1,79
D:\program\SC_Related\git_tag\atlas\intg\src\test\java\org\apache\atlas\type\TestAtlasFloatType.java,1,74
D:\program\SC_Related\git_tag\atlas\webapp\src\test\java\org\apache\atlas\web\integration\EntityJerseyResourceIT.java,1,880
D:\program\SC_Related\git_tag\atlas\addons\hive-bridge\src\main\java\org\apache\atlas\hive\hook\events\BaseHiveEvent.java,1,774
D:\program\SC_Related\git_tag\atlas\common\src\main\java\org\apache\atlas\service\Services.java,1,69
D:\program\SC_Related\git_tag\atlas\graphdb\common\src\main\java\org\apache\atlas\repository\graphdb\tinkerpop\query\expr\OrCondition.java,1,56
D:\program\SC_Related\git_tag\atlas\addons\hive-bridge\src\main\java\org\apache\atlas\hive\hook\events\DropTable.java,1,39
D:\program\SC_Related\git_tag\atlas\intg\src\main\java\org\apache\atlas\type\AtlasTypeRegistry.java,1,897
D:\program\SC_Related\git_tag\atlas\intg\src\main\java\org\apache\atlas\type\AtlasEnumType.java,1,70
D:\program\SC_Related\git_tag\atlas\repository\src\test\java\org\apache\atlas\repository\store\graph\v2\InverseReferenceUpdateHardDeleteV2Test.java,1,40
D:\program\SC_Related\git_tag\atlas\notification\src\main\java\org\apache\atlas\notification\NotificationException.java,8,16
D:\program\SC_Related\git_tag\atlas\repository\src\main\java\org\apache\atlas\query\AtlasDSL.java,38,131
D:\program\SC_Related\git_tag\atlas\webapp\src\main\java\org\apache\atlas\web\rest\RelationshipREST.java,1,86
D:\program\SC_Related\git_tag\atlas\addons\falcon-bridge\src\main\java\org\apache\atlas\falcon\publisher\FalconEventPublisher.java,3,14
D:\program\SC_Related\git_tag\atlas\intg\src\test\java\org\apache\atlas\type\TestAtlasObjectIdType.java,1,98
D:\program\SC_Related\git_tag\atlas\common\src\main\java\org\apache\atlas\service\Service.java,25,6
D:\program\SC_Related\git_tag\atlas\graphdb\janus\src\main\java\org\apache\atlas\repository\graphdb\janus\AtlasJanusVertexQuery.java,5,56
D:\program\SC_Related\git_tag\atlas\repository\src\main\java\org\apache\atlas\repository\store\graph\v2\InMemoryMapEntityStream.java,1,28
D:\program\SC_Related\git_tag\atlas\graphdb\api\src\main\java\org\apache\atlas\repository\graphdb\AtlasEdgeDirection.java,18,6
D:\program\SC_Related\git_tag\atlas\intg\src\main\java\org\apache\atlas\model\typedef\AtlasRelationshipDef.java,1,163
D:\program\SC_Related\git_tag\atlas\repository\src\main\java\org\apache\atlas\util\AtlasRepositoryConfiguration.java,1,147
D:\program\SC_Related\git_tag\atlas\webapp\src\main\java\org\apache\atlas\notification\preprocessor\RdbmsPreprocessor.java,17,100
D:\program\SC_Related\git_tag\atlas\repository\src\main\java\org\apache\atlas\repository\converters\TypeConverterUtil.java,1,271
D:\program\SC_Related\git_tag\atlas\common\src\main\java\org\apache\atlas\groovy\LabeledExpression.java,16,26
D:\program\SC_Related\git_tag\atlas\notification\src\main\java\org\apache\atlas\notification\SplitMessageAggregator.java,38,40
D:\program\SC_Related\git_tag\atlas\repository\src\test\java\org\apache\atlas\repository\impexp\ExportImportAuditServiceTest.java,1,85
D:\program\SC_Related\git_tag\atlas\common\src\main\java\org\apache\atlas\utils\OnAtlasPropertyCondition.java,1,32
D:\program\SC_Related\git_tag\atlas\repository\src\test\java\org\apache\atlas\repository\impexp\ImportServiceTest.java,1,341
D:\program\SC_Related\git_tag\atlas\repository\src\main\java\org\apache\atlas\discovery\FullTextSearchProcessor.java,1,104
D:\program\SC_Related\git_tag\atlas\repository\src\main\java\org\apache\atlas\util\SearchPredicateUtil.java,1,1049
D:\program\SC_Related\git_tag\atlas\graphdb\janus\src\main\java\org\apache\atlas\repository\graphdb\janus\AtlasJanusEdgeLabel.java,5,27
D:\program\SC_Related\git_tag\atlas\intg\src\main\java\org\apache\atlas\model\glossary\relations\AtlasRelatedTermHeader.java,1,96
D:\program\SC_Related\git_tag\atlas\intg\src\main\java\org\apache\atlas\model\metrics\AtlasMetrics.java,1,59
D:\program\SC_Related\git_tag\atlas\addons\hive-bridge\src\test\java\org\apache\atlas\hive\HiveITBase.java,1,573
D:\program\SC_Related\git_tag\atlas\intg\src\test\java\org\apache\atlas\TestRelationshipUtilsV2.java,1,230
D:\program\SC_Related\git_tag\atlas\webapp\src\test\java\org\apache\atlas\AtlasIT.java,1,30
D:\program\SC_Related\git_tag\atlas\intg\src\main\java\org\apache\atlas\security\SecurityProperties.java,1,24
D:\program\SC_Related\git_tag\atlas\webapp\src\main\java\org\apache\atlas\web\security\UserAuthorityGranter.java,14,12
D:\program\SC_Related\git_tag\atlas\repository\src\test\java\org\apache\atlas\repository\migration\TypesWithCollectionsFinderTest.java,1,54
D:\program\SC_Related\git_tag\atlas\graphdb\janus\src\main\java\org\apache\atlas\repository\graphdb\janus\migration\MappedElementCache.java,1,41
D:\program\SC_Related\git_tag\atlas\repository\src\main\java\org\apache\atlas\repository\ogm\profiles\AtlasSavedSearchDTO.java,1,78
D:\program\SC_Related\git_tag\atlas\repository\src\main\java\org\apache\atlas\query\antlr4\AtlasDSLParserBaseVisitor.java,1,42
D:\program\SC_Related\git_tag\atlas\graphdb\janus\src\main\java\org\apache\atlas\repository\graphdb\janus\migration\JsonNodeParsers.java,1,122
D:\program\SC_Related\git_tag\atlas\intg\src\main\java\org\apache\atlas\v1\model\typedef\StructTypeDefinition.java,1,77
D:\program\SC_Related\git_tag\atlas\repository\src\main\java\org\apache\atlas\repository\ogm\glossary\AtlasGlossaryCategoryDTO.java,1,117
D:\program\SC_Related\git_tag\atlas\intg\src\main\java\org\apache\atlas\entitytransform\Action.java,1,213
D:\program\SC_Related\git_tag\atlas\intg\src\test\java\org\apache\atlas\type\TestAtlasRelationshipType.java,1,195
D:\program\SC_Related\git_tag\atlas\webapp\src\main\java\org\apache\atlas\web\security\AtlasADAuthenticationProvider.java,14,163
D:\program\SC_Related\git_tag\atlas\common\src\main\java\org\apache\atlas\groovy\StatementListExpression.java,16,54
D:\program\SC_Related\git_tag\atlas\client\common\src\main\java\org\apache\atlas\AtlasBaseClient.java,1,629
D:\program\SC_Related\git_tag\atlas\repository\src\main\java\org\apache\atlas\query\Lookup.java,1,16
D:\program\SC_Related\git_tag\atlas\graphdb\janus\src\main\java\org\apache\atlas\repository\graphdb\janus\AtlasJanusObjectFactory.java,5,49
D:\program\SC_Related\git_tag\atlas\repository\src\main\java\org\apache\atlas\repository\ogm\ExportImportAuditEntryDTO.java,1,78
D:\program\SC_Related\git_tag\atlas\intg\src\main\java\org\apache\atlas\model\TimeBoundary.java,34,77
D:\program\SC_Related\git_tag\atlas\webapp\src\test\java\org\apache\atlas\web\resources\EntityResourceTest.java,1,50
D:\program\SC_Related\git_tag\atlas\server-api\src\main\java\org\apache\atlas\RequestContext.java,1,238
D:\program\SC_Related\git_tag\atlas\repository\src\test\java\org\apache\atlas\query\DSLQueriesTest.java,1,578
D:\program\SC_Related\git_tag\atlas\repository\src\main\java\org\apache\atlas\repository\store\graph\v2\AtlasRelationshipDefStoreV2.java,1,368
D:\program\SC_Related\git_tag\atlas\graphdb\janus\src\test\java\org\apache\atlas\repository\graphdb\janus\migration\PostProcessListPropertyTest.java,1,97
D:\program\SC_Related\git_tag\atlas\repository\src\main\java\org\apache\atlas\discovery\SearchContext.java,1,184
D:\program\SC_Related\git_tag\atlas\repository\src\main\java\org\apache\atlas\repository\store\graph\v2\EntityMutationContext.java,1,125
D:\program\SC_Related\git_tag\atlas\repository\src\main\java\org\apache\atlas\repository\graph\FullTextMapperV2.java,1,226
D:\program\SC_Related\git_tag\atlas\server-api\src\main\java\org\apache\atlas\listener\ActiveStateChangeHandler.java,6,19
D:\program\SC_Related\git_tag\atlas\notification\src\main\java\org\apache\atlas\kafka\NotificationProvider.java,36,18
D:\program\SC_Related\git_tag\atlas\repository\src\main\java\org\apache\atlas\repository\impexp\ImportTypeDefProcessor.java,1,51
D:\program\SC_Related\git_tag\atlas\repository\src\main\java\org\apache\atlas\repository\store\graph\v2\AtlasStructDefStoreV2.java,1,460
D:\program\SC_Related\git_tag\atlas\repository\src\main\java\org\apache\atlas\repository\converters\AtlasEntityFormatConverter.java,1,136
D:\program\SC_Related\git_tag\atlas\intg\src\main\java\org\apache\atlas\model\instance\ClassificationAssociateRequest.java,1,62
D:\program\SC_Related\git_tag\atlas\webapp\src\main\java\org\apache\atlas\notification\NotificationEntityChangeListener.java,1,132
D:\program\SC_Related\git_tag\atlas\repository\src\test\java\org\apache\atlas\repository\migration\PathTest.java,1,56
D:\program\SC_Related\git_tag\atlas\intg\src\main\java\org\apache\atlas\model\SearchFilter.java,1,105
D:\program\SC_Related\git_tag\atlas\addons\hive-bridge-shim\src\main\java\org\apache\atlas\hive\hook\HiveHook.java,1,61
D:\program\SC_Related\git_tag\atlas\common\src\main\java\org\apache\atlas\groovy\ClosureExpression.java,16,87
D:\program\SC_Related\git_tag\atlas\intg\src\main\java\org\apache\atlas\v1\model\instance\Referenceable.java,1,180
D:\program\SC_Related\git_tag\atlas\intg\src\main\java\org\apache\atlas\model\glossary\AtlasGlossaryTerm.java,1,378
D:\program\SC_Related\git_tag\atlas\repository\src\main\java\org\apache\atlas\repository\store\graph\EntityGraphDiscoveryContext.java,1,96
D:\program\SC_Related\git_tag\atlas\repository\src\main\java\org\apache\atlas\query\GremlinQueryComposer.java,1,645
D:\program\SC_Related\git_tag\atlas\common\src\main\java\org\apache\atlas\utils\HdfsNameServiceResolver.java,1,131
D:\program\SC_Related\git_tag\atlas\intg\src\main\java\org\apache\atlas\model\glossary\relations\AtlasTermAssignmentHeader.java,1,114
D:\program\SC_Related\git_tag\atlas\graphdb\api\src\main\java\org\apache\atlas\repository\graphdb\AtlasIndexQuery.java,1,11
D:\program\SC_Related\git_tag\atlas\repository\src\test\java\org\apache\atlas\repository\impexp\ZipSourceTest.java,1,136
D:\program\SC_Related\git_tag\atlas\test-tools\src\main\java\org\apache\atlas\runner\LocalSolrRunner.java,1,111
D:\program\SC_Related\git_tag\atlas\intg\src\main\java\org\apache\atlas\v1\model\lineage\DataSetLineageResponse.java,1,37
D:\program\SC_Related\git_tag\atlas\authorization\src\main\java\org\apache\atlas\authorize\simple\AtlasSimpleAuthzPolicy.java,14,269
D:\program\SC_Related\git_tag\atlas\intg\src\main\java\org\apache\atlas\type\AtlasArrayType.java,1,449
D:\program\SC_Related\git_tag\atlas\intg\src\main\java\org\apache\atlas\type\AtlasEntityType.java,1,641
D:\program\SC_Related\git_tag\atlas\webapp\src\main\java\org\apache\atlas\web\security\AtlasAuthenticationException.java,14,10
D:\program\SC_Related\git_tag\atlas\graphdb\janus\src\main\java\org\apache\atlas\repository\graphdb\janus\graphson\AtlasGraphSONMode.java,5,6
D:\program\SC_Related\git_tag\atlas\webapp\src\test\java\org\apache\atlas\web\util\ServletsTest.java,1,17
D:\program\SC_Related\git_tag\atlas\repository\src\main\java\org\apache\atlas\repository\ogm\glossary\AbstractGlossaryDTO.java,1,113
D:\program\SC_Related\git_tag\atlas\addons\hbase-bridge\src\main\java\org\apache\atlas\hbase\model\HBaseOperationContext.java,1,128
D:\program\SC_Related\git_tag\atlas\webapp\src\main\java\org\apache\atlas\examples\QuickStart.java,1,362
D:\program\SC_Related\git_tag\atlas\repository\src\main\java\org\apache\atlas\glossary\GlossaryCategoryUtils.java,1,470
D:\program\SC_Related\git_tag\atlas\addons\storm-bridge\src\main\java\org\apache\atlas\storm\hook\StormTopologyUtil.java,1,197
D:\program\SC_Related\git_tag\atlas\intg\src\main\java\org\apache\atlas\v1\model\instance\Struct.java,1,143
D:\program\SC_Related\git_tag\atlas\webapp\src\main\java\org\apache\atlas\web\service\CuratorFactory.java,1,133
D:\program\SC_Related\git_tag\atlas\graphdb\api\src\main\java\org\apache\atlas\repository\graphdb\AtlasEdgeLabel.java,35,4
D:\program\SC_Related\git_tag\atlas\webapp\src\test\java\org\apache\atlas\web\resources\AdminExportImportTestIT.java,1,86
D:\program\SC_Related\git_tag\atlas\repository\src\main\java\org\apache\atlas\repository\converters\AtlasEnumFormatConverter.java,1,97
D:\program\SC_Related\git_tag\atlas\intg\src\main\java\org\apache\atlas\v1\model\typedef\TraitTypeDefinition.java,1,25
D:\program\SC_Related\git_tag\atlas\webapp\src\main\java\org\apache\atlas\web\resources\LineageResource.java,1,137
D:\program\SC_Related\git_tag\atlas\intg\src\main\java\org\apache\atlas\AtlasErrorCode.java,1,184
D:\program\SC_Related\git_tag\atlas\graphdb\janus\src\main\java\org\apache\atlas\repository\graphdb\janus\AtlasJanusGraphIndex.java,5,58
D:\program\SC_Related\git_tag\atlas\intg\src\main\java\org\apache\atlas\model\discovery\SearchParameters.java,1,277
D:\program\SC_Related\git_tag\atlas\intg\src\main\java\org\apache\atlas\model\glossary\relations\AtlasTermCategorizationHeader.java,1,69
D:\program\SC_Related\git_tag\atlas\intg\src\main\java\org\apache\atlas\model\impexp\AtlasExportRequest.java,1,126
D:\program\SC_Related\git_tag\atlas\repository\src\main\java\org\apache\atlas\repository\store\graph\v2\EntityImportStream.java,1,10
D:\program\SC_Related\git_tag\atlas\repository\src\main\java\org\apache\atlas\repository\ogm\AtlasServerDTO.java,1,54
D:\program\SC_Related\git_tag\atlas\intg\src\main\java\org\apache\atlas\model\typedef\AtlasEntityDef.java,1,237
D:\program\SC_Related\git_tag\atlas\intg\src\main\java\org\apache\atlas\model\impexp\AtlasServer.java,1,114
D:\program\SC_Related\git_tag\atlas\graphdb\janus\src\test\java\org\apache\atlas\repository\graphdb\janus\AtlasJanusDatabaseTest.java,1,300
D:\program\SC_Related\git_tag\atlas\repository\src\test\java\org\apache\atlas\repository\store\graph\v2\InverseReferenceUpdateSoftDeleteV2Test.java,1,42
D:\program\SC_Related\git_tag\atlas\notification\src\test\java\org\apache\atlas\notification\AbstractNotificationTest.java,38,84
D:\program\SC_Related\git_tag\atlas\repository\src\main\java\org\apache\atlas\repository\store\graph\AtlasDefStore.java,1,19
D:\program\SC_Related\git_tag\atlas\graphdb\janus\src\main\java\org\apache\atlas\repository\graphdb\janus\migration\pc\WorkItemManager.java,12,42
D:\program\SC_Related\git_tag\atlas\authorization\src\main\java\org\apache\atlas\authorize\simple\AtlasSimpleAuthzUpdateTool.java,14,90
D:\program\SC_Related\git_tag\atlas\common\src\main\java\org\apache\atlas\utils\AtlasPerfMetrics.java,1,75
D:\program\SC_Related\git_tag\atlas\graphdb\common\src\main\java\org\apache\atlas\repository\graphdb\tinkerpop\query\expr\QueryPredicate.java,1,5
D:\program\SC_Related\git_tag\atlas\graphdb\janus\src\main\java\org\apache\atlas\repository\graphdb\janus\AtlasJanusIndexQuery.java,1,64
D:\program\SC_Related\git_tag\atlas\webapp\src\test\java\org\apache\atlas\web\security\BaseSecurityTest.java,1,181
D:\program\SC_Related\git_tag\atlas\intg\src\main\java\org\apache\atlas\entitytransform\Condition.java,1,180
D:\program\SC_Related\git_tag\atlas\graphdb\janus\src\test\java\org\apache\atlas\repository\graphdb\janus\migration\GraphSONUtilityTest.java,1,285
D:\program\SC_Related\git_tag\atlas\repository\src\main\java\org\apache\atlas\repository\store\graph\v2\AtlasEnumDefStoreV2.java,1,220
D:\program\SC_Related\git_tag\atlas\webapp\src\test\java\org\apache\atlas\util\RestUtilsTest.java,1,125
D:\program\SC_Related\git_tag\atlas\webapp\src\test\java\org\apache\atlas\web\service\SecureEmbeddedServerTestBase.java,1,153
D:\program\SC_Related\git_tag\atlas\intg\src\main\java\org\apache\atlas\model\impexp\AttributeTransform.java,1,55
D:\program\SC_Related\git_tag\atlas\repository\src\test\java\org\apache\atlas\repository\userprofile\UserProfileServiceTest.java,1,228
D:\program\SC_Related\git_tag\atlas\notification\src\main\java\org\apache\atlas\kafka\AtlasKafkaConsumer.java,36,78
D:\program\SC_Related\git_tag\atlas\common\src\main\java\org\apache\atlas\utils\SHA256Utils.java,33,34
D:\program\SC_Related\git_tag\atlas\intg\src\test\java\org\apache\atlas\type\TestAtlasDoubleType.java,1,74
D:\program\SC_Related\git_tag\atlas\graphdb\janus\src\main\java\org\apache\atlas\repository\graphdb\janus\query\AtlasJanusGraphQuery.java,5,29
D:\program\SC_Related\git_tag\atlas\repository\src\main\java\org\apache\atlas\repository\ogm\DTORegistry.java,1,26
D:\program\SC_Related\git_tag\atlas\graphdb\janus\src\main\java\org\apache\atlas\repository\graphdb\janus\migration\JsonNodeProcessManager.java,1,169
D:\program\SC_Related\git_tag\atlas\authorization\src\main\java\org\apache\atlas\authorize\AtlasTypeAccessRequest.java,14,22
D:\program\SC_Related\git_tag\atlas\addons\kafka-bridge\src\main\java\org\apache\atlas\kafka\model\KafkaDataTypes.java,36,7
D:\program\SC_Related\git_tag\atlas\notification\src\main\java\org\apache\atlas\notification\IncompatibleVersionException.java,21,6
D:\program\SC_Related\git_tag\atlas\repository\src\test\java\org\apache\atlas\repository\audit\InMemoryAuditRepositoryTest.java,6,8
D:\program\SC_Related\git_tag\atlas\intg\src\test\java\org\apache\atlas\model\typedef\TestAtlasRelationshipDef.java,1,62
D:\program\SC_Related\git_tag\atlas\intg\src\main\java\org\apache\atlas\model\instance\AtlasRelatedObjectId.java,1,137
D:\program\SC_Related\git_tag\atlas\addons\falcon-bridge\src\main\java\org\apache\atlas\falcon\bridge\FalconBridge.java,3,304
D:\program\SC_Related\git_tag\atlas\intg\src\main\java\org\apache\atlas\model\typedef\AtlasClassificationDef.java,1,192
D:\program\SC_Related\git_tag\atlas\intg\src\main\java\org\apache\atlas\model\typedef\AtlasRelationshipEndDef.java,5,124
D:\program\SC_Related\git_tag\atlas\intg\src\main\java\org\apache\atlas\v1\model\discovery\FullTextSearchResult.java,1,108
D:\program\SC_Related\git_tag\atlas\repository\src\main\java\org\apache\atlas\discovery\SearchProcessor.java,1,635
D:\program\SC_Related\git_tag\atlas\repository\src\main\java\org\apache\atlas\repository\audit\InMemoryEntityAuditRepository.java,1,104
D:\program\SC_Related\git_tag\atlas\intg\src\main\java\org\apache\atlas\entitytransform\HiveColumnEntityHandler.java,1,91
D:\program\SC_Related\git_tag\atlas\graphdb\janus\src\main\java\org\apache\atlas\repository\graphdb\janus\migration\pc\WorkItemBuilder.java,12,5
D:\program\SC_Related\git_tag\atlas\repository\src\main\java\org\apache\atlas\repository\IndexException.java,8,18
D:\program\SC_Related\git_tag\atlas\tools\classification-updater\src\main\java\org\apache\atlas\tools\BulkFetchAndUpdate.java,1,449
D:\program\SC_Related\git_tag\atlas\repository\src\main\java\org\apache\atlas\repository\audit\EntityAuditRepository.java,1,19
D:\program\SC_Related\git_tag\atlas\webapp\src\main\java\org\apache\atlas\web\listeners\LoginProcessor.java,1,98
D:\program\SC_Related\git_tag\atlas\webapp\src\main\java\org\apache\atlas\web\security\AtlasAuthenticationFailureHandler.java,1,26
D:\program\SC_Related\git_tag\atlas\intg\src\main\java\org\apache\atlas\model\impexp\MigrationStatus.java,1,63
D:\program\SC_Related\git_tag\atlas\webapp\src\test\java\org\apache\atlas\web\filters\AtlasAuthenticationSimpleFilterIT.java,1,44
D:\program\SC_Related\git_tag\atlas\intg\src\main\java\org\apache\atlas\v1\typesystem\types\utils\TypesUtil.java,1,67
D:\program\SC_Related\git_tag\atlas\client\common\src\main\java\org\apache\atlas\AtlasServiceException.java,1,22
D:\program\SC_Related\git_tag\atlas\graphdb\janus\src\main\java\org\apache\atlas\repository\graphdb\janus\query\NativeJanusGraphQuery.java,1,175
D:\program\SC_Related\git_tag\atlas\addons\hive-bridge\src\main\java\org\apache\atlas\hive\hook\AtlasHiveHookContext.java,1,131
D:\program\SC_Related\git_tag\atlas\graphdb\janus\src\main\java\org\apache\atlas\repository\graphdb\janus\migration\PostProcessManager.java,1,100
D:\program\SC_Related\git_tag\atlas\repository\src\test\java\org\apache\atlas\repository\store\graph\v2\AtlasRelationshipStoreV2Test.java,1,441
D:\program\SC_Related\git_tag\atlas\graphdb\api\src\main\java\org\apache\atlas\repository\graphdb\AtlasPropertyKey.java,35,5
D:\program\SC_Related\git_tag\atlas\webapp\src\main\java\org\apache\atlas\web\filters\ActiveServerFilter.java,1,114
D:\program\SC_Related\git_tag\atlas\repository\src\main\java\org\apache\atlas\repository\graph\IAtlasGraphProvider.java,2,6
D:\program\SC_Related\git_tag\atlas\repository\src\test\java\org\apache\atlas\utils\ObjectUpdateSynchronizerTest.java,12,166
D:\program\SC_Related\git_tag\atlas\intg\src\main\java\org\apache\atlas\model\notification\AtlasNotificationBaseMessage.java,38,137
D:\program\SC_Related\git_tag\atlas\repository\src\test\java\org\apache\atlas\repository\store\graph\v2\AtlasEntityStoreV2Test.java,1,694
D:\program\SC_Related\git_tag\atlas\notification\src\test\java\org\apache\atlas\notification\entity\EntityNotificationTest.java,1,82
D:\program\SC_Related\git_tag\atlas\addons\hbase-bridge\src\main\java\org\apache\atlas\hbase\hook\HBaseAtlasCoprocessorBase.java,26,625
D:\program\SC_Related\git_tag\atlas\repository\src\main\java\org\apache\atlas\repository\store\graph\v2\EntityGraphMapper.java,1,1462
D:\program\SC_Related\git_tag\atlas\webapp\src\main\java\org\apache\atlas\web\resources\EntityResource.java,1,884
D:\program\SC_Related\git_tag\atlas\intg\src\main\java\org\apache\atlas\model\profile\AtlasUserProfile.java,1,60
D:\program\SC_Related\git_tag\atlas\webapp\src\main\java\org\apache\atlas\web\filters\SSOAuthenticationProperties.java,14,39
D:\program\SC_Related\git_tag\atlas\plugin-classloader\src\test\java\org\apache\atlas\plugin\classloader\AtlasPluginClassLoaderTest.java,1,31
D:\program\SC_Related\git_tag\atlas\webapp\src\main\java\org\apache\atlas\web\service\EmbeddedServer.java,1,75
D:\program\SC_Related\git_tag\atlas\server-api\src\main\java\org\apache\atlas\exception\EntityNotFoundException.java,8,18
D:\program\SC_Related\git_tag\atlas\graphdb\api\src\main\java\org\apache\atlas\repository\graphdb\AtlasElement.java,1,26
D:\program\SC_Related\git_tag\atlas\authorization\src\main\java\org\apache\atlas\authorize\AtlasAccessRequest.java,14,121
D:\program\SC_Related\git_tag\atlas\client\client-v1\src\main\java\org\apache\atlas\AtlasAdminClient.java,1,121
D:\program\SC_Related\git_tag\atlas\graphdb\janus\src\main\java\org\apache\atlas\repository\graphdb\janus\AtlasJanusGraphTraversal.java,1,178
D:\program\SC_Related\git_tag\atlas\graphdb\common\src\main\java\org\apache\atlas\repository\graphdb\tinkerpop\query\NativeTinkerpopGraphQuery.java,1,17
D:\program\SC_Related\git_tag\atlas\common\src\main\java\org\apache\atlas\groovy\BinaryExpression.java,16,25
D:\program\SC_Related\git_tag\atlas\webapp\src\test\java\org\apache\atlas\web\security\SSLTest.java,1,102
D:\program\SC_Related\git_tag\atlas\webapp\src\main\java\org\apache\atlas\web\params\BooleanParam.java,38,22
D:\program\SC_Related\git_tag\atlas\webapp\src\test\java\org\apache\atlas\notification\EntityNotificationIT.java,1,122
D:\program\SC_Related\git_tag\atlas\repository\src\main\java\org\apache\atlas\discovery\SearchIndexer.java,19,3
D:\program\SC_Related\git_tag\atlas\intg\src\main\java\org\apache\atlas\type\AtlasClassificationType.java,1,406
D:\program\SC_Related\git_tag\atlas\repository\src\main\java\org\apache\atlas\util\SearchTracker.java,1,30
D:\program\SC_Related\git_tag\atlas\notification\src\test\java\org\apache\atlas\hook\AtlasTopicCreatorTest.java,1,225
D:\program\SC_Related\git_tag\atlas\repository\src\main\java\org\apache\atlas\repository\ogm\DataAccess.java,1,187
D:\program\SC_Related\git_tag\atlas\repository\src\test\java\org\apache\atlas\repository\impexp\ExportIncrementalTest.java,1,140
D:\program\SC_Related\git_tag\atlas\addons\hive-bridge\src\main\java\org\apache\atlas\hive\hook\events\CreateHiveProcess.java,1,184
D:\program\SC_Related\git_tag\atlas\repository\src\main\java\org\apache\atlas\repository\util\FilterUtil.java,1,119
D:\program\SC_Related\git_tag\atlas\graphdb\janus\src\test\java\org\apache\atlas\repository\graphdb\janus\migration\MappedElementCacheTest.java,1,28
D:\program\SC_Related\git_tag\atlas\repository\src\main\java\org\apache\atlas\repository\store\graph\v1\DeleteHandlerDelegate.java,1,52
D:\program\SC_Related\git_tag\atlas\repository\src\main\java\org\apache\atlas\repository\impexp\MigrationProgressService.java,1,44
D:\program\SC_Related\git_tag\atlas\addons\hive-bridge\src\main\java\org\apache\atlas\hive\hook\events\CreateDatabase.java,1,47
D:\program\SC_Related\git_tag\atlas\common\src\main\java\org\apache\atlas\groovy\FunctionCallExpression.java,16,98
D:\program\SC_Related\git_tag\atlas\intg\src\test\java\org\apache\atlas\type\TestAtlasEntityType.java,1,288
D:\program\SC_Related\git_tag\atlas\intg\src\main\java\org\apache\atlas\model\instance\EntityMutations.java,1,99
D:\program\SC_Related\git_tag\atlas\repository\src\main\java\org\apache\atlas\repository\graph\GraphHelper.java,1,1233
D:\program\SC_Related\git_tag\atlas\intg\src\main\java\org\apache\atlas\model\instance\AtlasEntityHeader.java,1,180
D:\program\SC_Related\git_tag\atlas\intg\src\main\java\org\apache\atlas\model\glossary\relations\AtlasGlossaryHeader.java,1,48
D:\program\SC_Related\git_tag\atlas\repository\src\main\java\org\apache\atlas\repository\audit\AbstractStorageBasedAuditRepository.java,1,112
D:\program\SC_Related\git_tag\atlas\webapp\src\main\java\org\apache\atlas\notification\EntityNotificationListenerV2.java,1,177
D:\program\SC_Related\git_tag\atlas\graphdb\common\src\main\java\org\apache\atlas\repository\graphdb\utils\IteratorToIterableAdapter.java,5,12
D:\program\SC_Related\git_tag\atlas\addons\storm-bridge\src\main\java\org\apache\atlas\storm\hook\StormAtlasHook.java,7,283
D:\program\SC_Related\git_tag\atlas\graphdb\api\src\main\java\org\apache\atlas\repository\graphdb\GraphDBMigrator.java,1,11
D:\program\SC_Related\git_tag\atlas\intg\src\main\java\org\apache\atlas\SortOrder.java,0,4
D:\program\SC_Related\git_tag\atlas\repository\src\main\java\org\apache\atlas\util\AtlasGremlinQueryProvider.java,1,58
D:\program\SC_Related\git_tag\atlas\repository\src\main\java\org\apache\atlas\repository\audit\HBaseBasedAuditRepository.java,1,461
D:\program\SC_Related\git_tag\atlas\webapp\src\test\java\org\apache\atlas\web\filters\AtlasCSRFPreventionFilterTest.java,1,93
D:\program\SC_Related\git_tag\atlas\authorization\src\main\java\org\apache\atlas\authorize\AtlasEntityAccessRequest.java,14,74
D:\program\SC_Related\git_tag\atlas\graphdb\common\src\main\java\org\apache\atlas\repository\graphdb\tinkerpop\query\NativeTinkerpopQueryFactory.java,1,4
D:\program\SC_Related\git_tag\atlas\intg\src\main\java\org\apache\atlas\type\AtlasTypeUtil.java,1,492
D:\program\SC_Related\git_tag\atlas\repository\src\main\java\org\apache\atlas\repository\converters\AtlasArrayFormatConverter.java,1,104
D:\program\SC_Related\git_tag\atlas\webapp\src\test\java\org\apache\atlas\web\TestUtils.java,1,33
D:\program\SC_Related\git_tag\atlas\webapp\src\test\java\org\apache\atlas\web\security\FileAuthenticationTest.java,14,150
D:\program\SC_Related\git_tag\atlas\intg\src\main\java\org\apache\atlas\entitytransform\HiveTableEntityHandler.java,1,81
D:\program\SC_Related\git_tag\atlas\repository\src\main\java\org\apache\atlas\repository\ogm\AbstractDataTransferObject.java,1,40
D:\program\SC_Related\git_tag\atlas\repository\src\main\java\org\apache\atlas\repository\store\graph\v2\AtlasEntityChangeNotifier.java,1,449
D:\program\SC_Related\git_tag\atlas\graphdb\janus\src\main\java\org\apache\atlas\repository\graphdb\janus\migration\TypesWithCollectionsFinder.java,1,92
D:\program\SC_Related\git_tag\atlas\webapp\src\main\java\org\apache\atlas\web\filters\AtlasAuthenticationFilter.java,1,560
D:\program\SC_Related\git_tag\atlas\intg\src\test\java\org\apache\atlas\type\TestAtlasMapType.java,1,77
D:\program\SC_Related\git_tag\atlas\repository\src\main\java\org\apache\atlas\query\SelectClauseComposer.java,1,182
D:\program\SC_Related\git_tag\atlas\addons\hbase-bridge-shim\src\main\java\org\apache\atlas\hbase\hook\HBaseAtlasCoprocessor.java,1,2937
D:\program\SC_Related\git_tag\atlas\intg\src\main\java\org\apache\atlas\entitytransform\HiveDatabaseEntityHandler.java,1,72
D:\program\SC_Related\git_tag\atlas\intg\src\test\java\org\apache\atlas\TestUtilsV2.java,1,1139
D:\program\SC_Related\git_tag\atlas\webapp\src\main\java\org\apache\atlas\Atlas.java,1,164
D:\program\SC_Related\git_tag\atlas\intg\src\main\java\org\apache\atlas\type\AtlasType.java,1,94
D:\program\SC_Related\git_tag\atlas\authorization\src\main\java\org\apache\atlas\authorize\simple\AtlasSimpleAuthorizer.java,14,333
D:\program\SC_Related\git_tag\atlas\authorization\src\main\java\org\apache\atlas\authorize\AtlasPrivilege.java,14,26
D:\program\SC_Related\git_tag\atlas\webapp\src\main\java\org\apache\atlas\web\security\AtlasPamAuthenticationProvider.java,14,120
D:\program\SC_Related\git_tag\atlas\intg\src\main\java\org\apache\atlas\model\glossary\AtlasGlossaryBaseObject.java,1,96
D:\program\SC_Related\git_tag\atlas\intg\src\main\java\org\apache\atlas\model\notification\MessageVersion.java,38,96
D:\program\SC_Related\git_tag\atlas\intg\src\main\java\org\apache\atlas\entitytransform\HiveStorageDescriptorEntityHandler.java,1,99
D:\program\SC_Related\git_tag\atlas\repository\src\main\java\org\apache\atlas\repository\IndexCreationException.java,8,18
D:\program\SC_Related\git_tag\atlas\addons\hive-bridge\src\main\java\org\apache\atlas\hive\hook\events\DropDatabase.java,1,44
D:\program\SC_Related\git_tag\atlas\intg\src\main\java\org\apache\atlas\entitytransform\EntityAttribute.java,1,39
D:\program\SC_Related\git_tag\atlas\common\src\main\java\org\apache\atlas\groovy\ArithmeticExpression.java,16,38
D:\program\SC_Related\git_tag\atlas\notification\src\main\java\org\apache\atlas\notification\MessageDeserializer.java,38,4
D:\program\SC_Related\git_tag\atlas\graphdb\janus\src\main\java\org\apache\atlas\repository\graphdb\janus\graphson\AtlasGraphSONUtility.java,1,370
D:\program\SC_Related\git_tag\atlas\server-api\src\main\java\org\apache\atlas\ha\AtlasServerIdSelector.java,1,45
D:\program\SC_Related\git_tag\atlas\repository\src\test\java\org\apache\atlas\repository\impexp\ImportTransformsShaperTest.java,1,71
D:\program\SC_Related\git_tag\atlas\intg\src\test\java\org\apache\atlas\model\instance\TestAtlasClassification.java,1,49
D:\program\SC_Related\git_tag\atlas\common\src\main\java\org\apache\atlas\annotation\ConditionalOnAtlasProperty.java,37,14
D:\program\SC_Related\git_tag\atlas\graphdb\janus\src\main\java\org\apache\atlas\repository\graphdb\janus\AtlasJanusPropertyKey.java,5,35
D:\program\SC_Related\git_tag\atlas\webapp\src\main\java\org\apache\atlas\web\util\Servlets.java,1,146
D:\program\SC_Related\git_tag\atlas\webapp\src\test\java\org\apache\atlas\notification\NotificationEntityChangeListenerTest.java,1,52
D:\program\SC_Related\git_tag\atlas\repository\src\main\java\org\apache\atlas\discovery\AtlasLineageService.java,1,10
D:\program\SC_Related\git_tag\atlas\repository\src\test\java\org\apache\atlas\repository\impexp\UniqueListTest.java,4,42
D:\program\SC_Related\git_tag\atlas\common\src\main\java\org\apache\atlas\groovy\LogicalExpression.java,16,26
D:\program\SC_Related\git_tag\atlas\server-api\src\main\java\org\apache\atlas\listener\EntityChangeListener.java,22,16
D:\program\SC_Related\git_tag\atlas\graphdb\api\src\main\java\org\apache\atlas\repository\graphdb\AtlasGraphQuery.java,1,35
D:\program\SC_Related\git_tag\atlas\webapp\src\main\java\org\apache\atlas\web\model\User.java,14,90
D:\program\SC_Related\git_tag\atlas\intg\src\main\java\org\apache\atlas\model\notification\AtlasNotificationMessage.java,38,57
D:\program\SC_Related\git_tag\atlas\webapp\src\main\java\org\apache\atlas\notification\EntityNotificationSender.java,38,87
D:\program\SC_Related\git_tag\atlas\common\src\main\java\org\apache\atlas\repository\Constants.java,1,90
D:\program\SC_Related\git_tag\atlas\repository\src\test\java\org\apache\atlas\query\DSLParsingTest.java,38,26
D:\program\SC_Related\git_tag\atlas\repository\src\test\java\org\apache\atlas\glossary\PaginationHelperTest.java,1,41
D:\program\SC_Related\git_tag\atlas\graphdb\janus\src\test\java\org\apache\atlas\repository\graphdb\janus\migration\WorkItemConsumerTest.java,12,56
D:\program\SC_Related\git_tag\atlas\intg\src\test\java\org\apache\atlas\type\TestAtlasArrayType.java,1,82
D:\program\SC_Related\git_tag\atlas\intg\src\main\java\org\apache\atlas\v1\model\instance\Id.java,1,192
D:\program\SC_Related\git_tag\atlas\intg\src\main\java\org\apache\atlas\type\AtlasMapType.java,1,267
D:\program\SC_Related\git_tag\atlas\intg\src\main\java\org\apache\atlas\model\impexp\AtlasImportResult.java,1,129
D:\program\SC_Related\git_tag\atlas\notification\src\main\java\org\apache\atlas\notification\hook\HookMessageDeserializer.java,38,24
D:\program\SC_Related\git_tag\atlas\webapp\src\test\java\org\apache\atlas\web\security\BaseSSLAndKerberosTest.java,1,76
D:\program\SC_Related\git_tag\atlas\webapp\src\main\java\org\apache\atlas\web\security\AtlasFileAuthenticationProvider.java,14,47
D:\program\SC_Related\git_tag\atlas\intg\src\main\java\org\apache\atlas\model\profile\AtlasUserSavedSearch.java,1,90
D:\program\SC_Related\git_tag\atlas\notification\src\main\java\org\apache\atlas\hook\FailedMessagesLogger.java,1,55
D:\program\SC_Related\git_tag\atlas\repository\src\main\java\org\apache\atlas\discovery\EntityDiscoveryService.java,1,719
D:\program\SC_Related\git_tag\atlas\repository\src\test\java\org\apache\atlas\repository\migration\ComplexAttributesTest.java,1,34
D:\program\SC_Related\git_tag\atlas\notification\src\test\java\org\apache\atlas\kafka\KafkaConsumerTest.java,36,106
D:\program\SC_Related\git_tag\atlas\webapp\src\test\java\org\apache\atlas\CredentialProviderUtilityIT.java,1,199
D:\program\SC_Related\git_tag\atlas\webapp\src\test\java\org\apache\atlas\web\integration\EntityV2JerseyResourceIT.java,1,562
D:\program\SC_Related\git_tag\atlas\intg\src\main\java\org\apache\atlas\model\glossary\relations\AtlasRelatedCategoryHeader.java,1,68
D:\program\SC_Related\git_tag\atlas\repository\src\main\java\org\apache\atlas\repository\store\graph\EntityResolver.java,1,5
D:\program\SC_Related\git_tag\atlas\repository\src\test\java\org\apache\atlas\repository\store\graph\v2\AtlasEntityStoreV2BulkImportPercentTest.java,12,126
D:\program\SC_Related\git_tag\atlas\graphdb\common\src\main\java\org\apache\atlas\repository\graphdb\tinkerpop\query\expr\OrderByPredicate.java,1,19
D:\program\SC_Related\git_tag\atlas\notification\src\test\java\org\apache\atlas\notification\entity\EntityNotificationDeserializerTest.java,38,38
D:\program\SC_Related\git_tag\atlas\addons\hive-bridge\src\test\java\org\apache\atlas\hive\bridge\HiveMetastoreBridgeIT.java,1,61
D:\program\SC_Related\git_tag\atlas\intg\src\main\java\org\apache\atlas\model\typedef\AtlasTypeDefHeader.java,1,106
D:\program\SC_Related\git_tag\atlas\webapp\src\main\java\org\apache\atlas\web\rest\DiscoveryREST.java,1,368
D:\program\SC_Related\git_tag\atlas\intg\src\main\java\org\apache\atlas\model\instance\AtlasClassification.java,1,146
D:\program\SC_Related\git_tag\atlas\graphdb\common\src\test\java\org\apache\atlas\graph\GraphSandboxUtil.java,1,46
D:\program\SC_Related\git_tag\atlas\repository\src\test\java\org\apache\atlas\TestModules.java,1,140
D:\program\SC_Related\git_tag\atlas\graphdb\api\src\main\java\org\apache\atlas\repository\graphdb\AtlasEdge.java,1,7
D:\program\SC_Related\git_tag\atlas\repository\src\main\java\org\apache\atlas\repository\store\graph\v2\EntityGraphRetriever.java,1,1032
D:\program\SC_Related\git_tag\atlas\repository\src\main\java\org\apache\atlas\repository\store\graph\v2\AtlasGraphUtilsV2.java,1,438
D:\program\SC_Related\git_tag\atlas\repository\src\test\java\org\apache\atlas\repository\impexp\HdfsPathEntityCreatorTest.java,1,50
D:\program\SC_Related\git_tag\atlas\repository\src\main\java\org\apache\atlas\repository\impexp\ExportTypeProcessor.java,1,137
D:\program\SC_Related\git_tag\atlas\webapp\src\main\java\org\apache\atlas\notification\preprocessor\PreprocessorContext.java,1,355
D:\program\SC_Related\git_tag\atlas\client\client-v1\src\main\java\org\apache\atlas\AtlasClient.java,1,565
D:\program\SC_Related\git_tag\atlas\graphdb\janus\src\main\java\org\apache\atlas\repository\graphdb\janus\migration\RelationshipCacheGenerator.java,1,61
D:\program\SC_Related\git_tag\atlas\common\src\main\java\org\apache\atlas\groovy\AbstractGroovyExpression.java,16,18
D:\program\SC_Related\git_tag\atlas\intg\src\main\java\org\apache\atlas\model\instance\AtlasEntity.java,1,607
D:\program\SC_Related\git_tag\atlas\webapp\src\main\java\org\apache\atlas\web\rest\GlossaryREST.java,1,545
D:\program\SC_Related\git_tag\atlas\repository\src\main\java\org\apache\atlas\repository\store\graph\v2\AttributeMutationContext.java,5,91
D:\program\SC_Related\git_tag\atlas\repository\src\test\java\org\apache\atlas\repository\store\graph\v2\AtlasEntityDefStoreV2Test.java,1,50
D:\program\SC_Related\git_tag\atlas\repository\src\test\java\org\apache\atlas\repository\store\graph\v2\InverseReferenceUpdateV2Test.java,1,294
D:\program\SC_Related\git_tag\atlas\webapp\src\main\java\org\apache\atlas\web\errors\NotFoundExceptionMapper.java,1,19
D:\program\SC_Related\git_tag\atlas\intg\src\main\java\org\apache\atlas\model\typedef\AtlasTypesDef.java,1,154
D:\program\SC_Related\git_tag\atlas\repository\src\main\java\org\apache\atlas\repository\converters\AtlasPrimitiveFormatConverter.java,1,18
D:\program\SC_Related\git_tag\atlas\common\src\main\java\org\apache\atlas\utils\ParamChecker.java,1,68
D:\program\SC_Related\git_tag\atlas\common\src\main\java\org\apache\atlas\groovy\LiteralExpression.java,16,80
D:\program\SC_Related\git_tag\atlas\addons\hbase-bridge\src\main\java\org\apache\atlas\hbase\bridge\HBaseAtlasHook.java,1,521
D:\program\SC_Related\git_tag\atlas\common\src\test\java\org\apache\atlas\ha\HAConfigurationTest.java,1,74
D:\program\SC_Related\git_tag\atlas\repository\src\main\java\org\apache\atlas\query\antlr4\AtlasDSLParser.java,1,2183
D:\program\SC_Related\git_tag\atlas\webapp\src\main\java\org\apache\atlas\web\setup\KerberosAwareListener.java,1,12
D:\program\SC_Related\git_tag\atlas\notification\src\main\java\org\apache\atlas\notification\AbstractMessageDeserializer.java,38,12
D:\program\SC_Related\git_tag\atlas\repository\src\test\java\org\apache\atlas\query\GremlinQueryComposerTest.java,1,450
D:\program\SC_Related\git_tag\atlas\addons\hbase-bridge\src\main\java\org\apache\atlas\hbase\hook\HBaseAtlasCoprocessor.java,26,132
D:\program\SC_Related\git_tag\atlas\intg\src\test\java\org\apache\atlas\type\TestAtlasBigDecimalType.java,1,82
D:\program\SC_Related\git_tag\atlas\graphdb\api\src\main\java\org\apache\atlas\repository\graphdb\AtlasGraphIndex.java,5,10
D:\program\SC_Related\git_tag\atlas\webapp\src\main\java\org\apache\atlas\web\filters\StaleTransactionCleanupFilter.java,1,29
D:\program\SC_Related\git_tag\atlas\intg\src\main\java\org\apache\atlas\model\instance\AtlasCheckStateResult.java,1,181
D:\program\SC_Related\git_tag\atlas\repository\src\main\java\org\apache\atlas\repository\store\graph\v2\AtlasRelationshipStoreV2.java,1,640
D:\program\SC_Related\git_tag\atlas\notification\src\main\java\org\apache\atlas\notification\AtlasNotificationMessageDeserializer.java,38,193
D:\program\SC_Related\git_tag\atlas\intg\src\main\java\org\apache\atlas\type\AtlasBuiltInTypes.java,1,530
D:\program\SC_Related\git_tag\atlas\repository\src\main\java\org\apache\atlas\glossary\GlossaryUtils.java,1,75
D:\program\SC_Related\git_tag\atlas\intg\src\test\java\org\apache\atlas\type\TestAtlasStringType.java,1,55
D:\program\SC_Related\git_tag\atlas\graphdb\api\src\main\java\org\apache\atlas\repository\graphdb\AtlasGraphTraversal.java,18,37
D:\program\SC_Related\git_tag\atlas\webapp\src\test\java\org\apache\atlas\web\service\ActiveInstanceElectorServiceTest.java,1,276
D:\program\SC_Related\git_tag\atlas\client\client-v2\src\test\java\org.apache.atlas\AtlasClientV2Test.java,1,74
D:\program\SC_Related\git_tag\atlas\repository\src\main\java\org\apache\atlas\repository\store\graph\v2\AtlasTypeDefGraphStoreV2.java,1,383
D:\program\SC_Related\git_tag\atlas\repository\src\main\java\org\apache\atlas\repository\converters\AtlasFormatConverter.java,1,40
D:\program\SC_Related\git_tag\atlas\intg\src\main\java\org\apache\atlas\utils\AtlasJson.java,1,408
D:\program\SC_Related\git_tag\atlas\repository\src\test\java\org\apache\atlas\repository\store\graph\v1\SoftReferenceTest.java,1,160
D:\program\SC_Related\git_tag\atlas\notification\src\test\java\org\apache\atlas\hook\AtlasHookTest.java,38,96
D:\program\SC_Related\git_tag\atlas\repository\src\test\java\org\apache\atlas\repository\store\graph\v2\ClassificationAssociatorTest.java,1,182
D:\program\SC_Related\git_tag\atlas\intg\src\main\java\org\apache\atlas\entitytransform\AtlasEntityTransformer.java,1,57
D:\program\SC_Related\git_tag\atlas\webapp\src\test\java\org\apache\atlas\web\resources\AdminExportTest.java,15,3
D:\program\SC_Related\git_tag\atlas\authorization\src\main\java\org\apache\atlas\authorize\AtlasSearchResultScrubRequest.java,1,25
D:\program\SC_Related\git_tag\atlas\repository\src\main\java\org\apache\atlas\repository\converters\AtlasStructFormatConverter.java,1,214
D:\program\SC_Related\git_tag\atlas\repository\src\main\java\org\apache\atlas\repository\store\graph\v2\EntityStream.java,1,8
D:\program\SC_Related\git_tag\atlas\webapp\src\main\java\org\apache\atlas\web\security\AtlasSecurityConfig.java,14,142
D:\program\SC_Related\git_tag\atlas\webapp\src\main\java\org\apache\atlas\web\security\AtlasAbstractAuthenticationProvider.java,14,98
D:\program\SC_Related\git_tag\atlas\addons\hive-bridge\src\test\java\org\apache\atlas\hive\bridge\ColumnLineageUtils.java,1,117
D:\program\SC_Related\git_tag\atlas\authorization\src\main\java\org\apache\atlas\authorize\AtlasAdminAccessRequest.java,14,15
D:\program\SC_Related\git_tag\atlas\server-api\src\main\java\org\apache\atlas\setup\SetupException.java,8,9
D:\program\SC_Related\git_tag\atlas\intg\src\main\java\org\apache\atlas\model\instance\AtlasCheckStateRequest.java,1,61
D:\program\SC_Related\git_tag\atlas\graphdb\janus\src\main\java\org\apache\atlas\repository\graphdb\janus\AtlasJanusGraphDatabase.java,1,200
D:\program\SC_Related\git_tag\atlas\notification\src\main\java\org\apache\atlas\notification\AbstractNotificationConsumer.java,38,9
D:\program\SC_Related\git_tag\atlas\common\src\main\java\org\apache\atlas\groovy\AbstractFunctionExpression.java,16,25
D:\program\SC_Related\git_tag\atlas\webapp\src\main\java\org\apache\atlas\web\params\AbstractParam.java,38,49
D:\program\SC_Related\git_tag\atlas\authorization\src\main\java\org\apache\atlas\authorize\AtlasAuthorizerFactory.java,14,55
D:\program\SC_Related\git_tag\atlas\webapp\src\main\java\org\apache\atlas\web\util\DateTimeHelper.java,34,28
D:\program\SC_Related\git_tag\atlas\webapp\src\test\java\org\apache\atlas\web\service\SecureEmbeddedServerTest.java,1,58
D:\program\SC_Related\git_tag\atlas\repository\src\main\java\org\apache\atlas\repository\impexp\IncrementalExportEntityProvider.java,1,75
D:\program\SC_Related\git_tag\atlas\intg\src\test\java\org\apache\atlas\type\TestAtlasShortType.java,1,74
D:\program\SC_Related\git_tag\atlas\intg\src\test\java\org\apache\atlas\model\typedef\TestAtlasStructDef.java,1,60
D:\program\SC_Related\git_tag\atlas\intg\src\main\java\org\apache\atlas\model\AtlasBaseModelObject.java,1,50
D:\program\SC_Related\git_tag\atlas\graphdb\janus\src\main\java\org\apache\atlas\repository\graphdb\janus\migration\GraphDBGraphSONMigrator.java,1,51
D:\program\SC_Related\git_tag\atlas\intg\src\test\java\org\apache\atlas\type\TestAtlasClassificationType.java,1,254
D:\program\SC_Related\git_tag\atlas\webapp\src\main\java\org\apache\atlas\web\rest\TypesREST.java,1,216
D:\program\SC_Related\git_tag\atlas\intg\src\main\java\org\apache\atlas\v1\model\discovery\DSLSearchResult.java,1,108
D:\program\SC_Related\git_tag\atlas\repository\src\main\java\org\apache\atlas\repository\userprofile\UserProfileService.java,1,103
D:\program\SC_Related\git_tag\atlas\repository\src\main\java\org\apache\atlas\glossary\GlossaryTermUtils.java,1,442
D:\program\SC_Related\git_tag\atlas\intg\src\test\java\org\apache\atlas\type\TestMultiplicity.java,4,28
D:\program\SC_Related\git_tag\atlas\graphdb\api\src\main\java\org\apache\atlas\repository\graphdb\AtlasCardinality.java,0,13
D:\program\SC_Related\git_tag\atlas\graphdb\api\src\main\java\org\apache\atlas\repository\graphdb\GraphDatabase.java,11,7
D:\program\SC_Related\git_tag\atlas\intg\src\main\java\org\apache\atlas\v1\model\notification\EntityNotificationV1.java,1,151
D:\program\SC_Related\git_tag\atlas\repository\src\main\java\org\apache\atlas\query\GremlinClauseList.java,1,64
D:\program\SC_Related\git_tag\atlas\common\src\main\java\org\apache\atlas\utils\AtlasPerfTracer.java,1,46
D:\program\SC_Related\git_tag\atlas\repository\src\main\java\org\apache\atlas\discovery\AtlasDiscoveryService.java,1,22
D:\program\SC_Related\git_tag\atlas\intg\src\test\java\org\apache\atlas\type\TestAtlasTypeRegistry.java,1,486
D:\program\SC_Related\git_tag\atlas\tools\atlas-migration-exporter\src\main\java\org\apache\atlas\migration\NoOpNotification.java,38,25
D:\program\SC_Related\git_tag\atlas\intg\src\main\java\org\apache\atlas\model\notification\EntityNotification.java,1,127
D:\program\SC_Related\git_tag\atlas\common\src\main\java\org\apache\atlas\groovy\ComparisonOperatorExpression.java,16,12
D:\program\SC_Related\git_tag\atlas\repository\src\main\java\org\apache\atlas\repository\RepositoryException.java,8,18
D:\program\SC_Related\git_tag\atlas\intg\src\test\java\org\apache\atlas\type\TestAtlasByteType.java,1,74
D:\program\SC_Related\git_tag\atlas\webapp\src\main\java\org\apache\atlas\web\rest\LineageREST.java,1,55
D:\program\SC_Related\git_tag\atlas\intg\src\test\java\org\apache\atlas\type\TestAtlasLongType.java,1,74
D:\program\SC_Related\git_tag\atlas\webapp\src\main\java\org\apache\atlas\notification\preprocessor\EntityPreprocessor.java,17,108
D:\program\SC_Related\git_tag\atlas\tools\atlas-migration-exporter\src\main\java\org\apache\atlas\migration\Exporter.java,1,118
D:\program\SC_Related\git_tag\atlas\webapp\src\main\java\org\apache\atlas\web\filters\AtlasCSRFPreventionFilter.java,1,161
D:\program\SC_Related\git_tag\atlas\common\src\main\java\org\apache\atlas\groovy\RangeExpression.java,16,48
D:\program\SC_Related\git_tag\atlas\repository\src\main\java\org\apache\atlas\repository\impexp\ImportTransforms.java,1,154
D:\program\SC_Related\git_tag\atlas\repository\src\main\java\org\apache\atlas\repository\converters\AtlasObjectIdConverter.java,1,91
D:\program\SC_Related\git_tag\atlas\repository\src\main\java\org\apache\atlas\repository\impexp\ImportService.java,1,168
D:\program\SC_Related\git_tag\atlas\graphdb\janus\src\main\java\org\apache\atlas\repository\graphdb\janus\migration\GraphSONUtility.java,1,196
D:\program\SC_Related\git_tag\atlas\intg\src\main\java\org\apache\atlas\type\AtlasRelationshipType.java,1,272
D:\program\SC_Related\git_tag\atlas\webapp\src\test\java\org\apache\atlas\notification\NotificationHookConsumerIT.java,1,167
D:\program\SC_Related\git_tag\atlas\notification\src\test\java\org\apache\atlas\kafka\KafkaNotificationMockTest.java,36,137
D:\program\SC_Related\git_tag\atlas\webapp\src\test\java\org\apache\atlas\notification\NotificationHookConsumerKafkaTest.java,36,190
D:\program\SC_Related\git_tag\atlas\graphdb\janus\src\main\java\org\apache\atlas\repository\graphdb\janus\migration\postProcess\PostProcessListProperty.java,1,38
D:\program\SC_Related\git_tag\atlas\notification\src\main\java\org\apache\atlas\hook\AtlasTopicCreator.java,1,91
D:\program\SC_Related\git_tag\atlas\intg\src\main\java\org\apache\atlas\model\PList.java,1,88
D:\program\SC_Related\git_tag\atlas\addons\falcon-bridge\src\main\java\org\apache\atlas\falcon\event\FalconEvent.java,3,29
D:\program\SC_Related\git_tag\atlas\repository\src\main\java\org\apache\atlas\repository\graph\AtlasEdgeLabel.java,1,60
D:\program\SC_Related\git_tag\atlas\webapp\src\test\java\org\apache\atlas\notification\NotificationHookConsumerTest.java,36,238
D:\program\SC_Related\git_tag\atlas\intg\src\main\java\org\apache\atlas\entitytransform\HdfsPathEntityHandler.java,1,118
D:\program\SC_Related\git_tag\atlas\repository\src\main\java\org\apache\atlas\repository\converters\AtlasFormatConverters.java,1,40
D:\program\SC_Related\git_tag\atlas\repository\src\main\java\org\apache\atlas\repository\impexp\ExportImportAuditService.java,1,123
D:\program\SC_Related\git_tag\atlas\webapp\src\test\java\org\apache\atlas\web\adapters\TestEntityRESTDelete.java,1,144
D:\program\SC_Related\git_tag\atlas\common\src\test\java\org\apache\atlas\utils\HdfsNameServiceResolverTest.java,1,19
D:\program\SC_Related\git_tag\atlas\graphdb\common\src\main\java\org\apache\atlas\repository\graphdb\tinkerpop\query\expr\AndCondition.java,1,35
D:\program\SC_Related\git_tag\atlas\intg\src\main\java\org\apache\atlas\typesystem\types\DataTypes.java,1,13
D:\program\SC_Related\git_tag\atlas\common\src\main\java\org\apache\atlas\groovy\TypeCoersionExpression.java,16,29
D:\program\SC_Related\git_tag\atlas\intg\src\main\java\org\apache\atlas\model\glossary\AtlasGlossary.java,1,186
D:\program\SC_Related\git_tag\atlas\common\src\test\java\org\apache\atlas\utils\LruCacheTest.java,1,144
D:\program\SC_Related\git_tag\atlas\server-api\src\main\java\org\apache\atlas\exception\NotFoundException.java,8,19
D:\program\SC_Related\git_tag\atlas\tools\atlas-migration-exporter\src\main\java\org\apache\atlas\migration\NoOpNotificationChangeListener.java,22,35
D:\program\SC_Related\git_tag\atlas\repository\src\main\java\org\apache\atlas\repository\store\graph\EntityGraphDiscovery.java,1,10
D:\program\SC_Related\git_tag\atlas\graphdb\janus\src\main\java\org\apache\atlas\repository\graphdb\janus\migration\pc\WorkItemConsumer.java,12,55
D:\program\SC_Related\git_tag\atlas\intg\src\main\java\org\apache\atlas\v1\model\lineage\SchemaResponse.java,1,75
D:\program\SC_Related\git_tag\atlas\repository\src\main\java\org\apache\atlas\GraphTransactionAdvisor.java,6,38
D:\program\SC_Related\git_tag\atlas\repository\src\main\java\org\apache\atlas\repository\ogm\glossary\AtlasGlossaryDTO.java,1,110
D:\program\SC_Related\git_tag\atlas\notification\src\main\java\org\apache\atlas\notification\AbstractNotification.java,38,128
D:\program\SC_Related\git_tag\atlas\repository\src\main\java\org\apache\atlas\repository\store\graph\BulkImporter.java,12,8
D:\program\SC_Related\git_tag\atlas\intg\src\main\java\org\apache\atlas\utils\AtlasEntityUtil.java,1,111
D:\program\SC_Related\git_tag\atlas\intg\src\main\java\org\apache\atlas\model\instance\AtlasRelationship.java,1,406
D:\program\SC_Related\git_tag\atlas\webapp\src\main\java\org\apache\atlas\web\service\SecureEmbeddedServer.java,1,102
D:\program\SC_Related\git_tag\atlas\intg\src\main\java\org\apache\atlas\model\impexp\ExportImportAuditEntry.java,1,90
D:\program\SC_Related\git_tag\atlas\common\src\main\java\org\apache\atlas\groovy\CastExpression.java,16,28
D:\program\SC_Related\git_tag\atlas\intg\src\main\java\org\apache\atlas\model\notification\HookNotification.java,1,156
D:\program\SC_Related\git_tag\atlas\repository\src\main\java\org\apache\atlas\repository\store\graph\v2\EntityStateChecker.java,1,253
D:\program\SC_Related\git_tag\atlas\repository\src\main\java\org\apache\atlas\util\AtlasGremlin3QueryProvider.java,1,73
D:\program\SC_Related\git_tag\atlas\webapp\src\main\java\org\apache\atlas\web\filters\AtlasResponseRequestWrapper.java,1,8
D:\program\SC_Related\git_tag\atlas\webapp\src\test\java\org\apache\atlas\web\integration\TypedefsJerseyResourceIT.java,1,315
D:\program\SC_Related\git_tag\atlas\webapp\src\test\java\org\apache\atlas\web\service\AtlasZookeeperSecurityPropertiesTest.java,1,44
D:\program\SC_Related\git_tag\atlas\webapp\src\test\java\org\apache\atlas\web\security\UserDaoTest.java,14,41
D:\program\SC_Related\git_tag\atlas\notification\src\main\java\org\apache\atlas\kafka\KafkaNotification.java,36,203
D:\program\SC_Related\git_tag\atlas\notification\src\main\java\org\apache\atlas\kafka\AtlasKafkaMessage.java,20,20
D:\program\SC_Related\git_tag\atlas\notification\src\main\java\org\apache\atlas\notification\NotificationInterface.java,38,23
D:\program\SC_Related\git_tag\atlas\webapp\src\test\java\org\apache\atlas\web\adapters\TestEntitiesREST.java,1,177
D:\program\SC_Related\git_tag\atlas\webapp\src\main\java\org\apache\atlas\web\security\AtlasAuthenticationProvider.java,14,108
D:\program\SC_Related\git_tag\atlas\addons\sqoop-bridge\src\test\java\org\apache\atlas\sqoop\hook\SqoopHookIT.java,7,110
D:\program\SC_Related\git_tag\atlas\addons\hive-bridge\src\main\java\org\apache\atlas\hive\hook\events\CreateTable.java,1,76
D:\program\SC_Related\git_tag\atlas\repository\src\main\java\org\apache\atlas\query\GremlinClause.java,1,63
D:\program\SC_Related\git_tag\atlas\common\src\main\java\org\apache\atlas\utils\LruCache.java,29,44
D:\program\SC_Related\git_tag\atlas\client\common\src\main\java\org\apache\atlas\security\SecureClientUtils.java,1,213
D:\program\SC_Related\git_tag\atlas\repository\src\main\java\org\apache\atlas\repository\store\graph\v2\UniqAttrBasedEntityResolver.java,1,42
D:\program\SC_Related\git_tag\atlas\graphdb\janus\src\test\java\org\apache\atlas\repository\graphdb\janus\migration\JsonNodeParsersTest.java,1,82
D:\program\SC_Related\git_tag\atlas\webapp\src\main\java\org\apache\atlas\notification\preprocessor\HivePreprocessor.java,17,191
D:\program\SC_Related\git_tag\atlas\repository\src\main\java\org\apache\atlas\repository\converters\AtlasAbstractFormatConverter.java,1,29
D:\program\SC_Related\git_tag\atlas\webapp\src\main\java\org\apache\atlas\web\service\ActiveInstanceState.java,1,81
D:\program\SC_Related\git_tag\atlas\repository\src\main\java\org\apache\atlas\repository\impexp\ZipSink.java,1,106
D:\program\SC_Related\git_tag\atlas\repository\src\main\java\org\apache\atlas\repository\store\graph\v1\HardDeleteHandlerV1.java,1,31
D:\program\SC_Related\git_tag\atlas\notification\src\main\java\org\apache\atlas\kafka\EmbeddedKafkaServer.java,1,137
D:\program\SC_Related\git_tag\atlas\server-api\src\main\test\org\apache\atlas\ha\AtlasServerIdSelectorTest.java,1,41
D:\program\SC_Related\git_tag\atlas\webapp\src\test\java\org\apache\atlas\web\adapters\TestEntityREST.java,1,259
D:\program\SC_Related\git_tag\atlas\webapp\src\test\java\org\apache\atlas\web\filters\AtlasAuthenticationKerberosFilterTest.java,1,129
D:\program\SC_Related\git_tag\atlas\webapp\src\main\java\org\apache\atlas\web\dao\UserDao.java,14,97
D:\program\SC_Related\git_tag\atlas\repository\src\main\java\org\apache\atlas\query\IdentifierHelper.java,1,226
D:\program\SC_Related\git_tag\atlas\repository\src\main\java\org\apache\atlas\repository\impexp\TypeAttributeDifference.java,1,126
D:\program\SC_Related\git_tag\atlas\intg\src\main\java\org\apache\atlas\model\notification\AtlasNotificationStringMessage.java,38,46
D:\program\SC_Related\git_tag\atlas\intg\src\main\java\org\apache\atlas\model\instance\EntityMutationResponse.java,1,226
D:\program\SC_Related\git_tag\atlas\authorization\src\test\java\org\apache\atlas\authorize\simple\AtlasSimpleAuthorizerTest.java,14,67
D:\program\SC_Related\git_tag\atlas\notification\src\test\java\org\apache\atlas\notification\AbstractNotificationConsumerTest.java,38,151
D:\program\SC_Related\git_tag\atlas\repository\src\main\java\org\apache\atlas\repository\impexp\AtlasServerService.java,1,119
D:\program\SC_Related\git_tag\atlas\repository\src\test\java\org\apache\atlas\query\BasicTestSetup.java,1,340
D:\program\SC_Related\git_tag\atlas\repository\src\test\java\org\apache\atlas\repository\migration\HiveParititionTest.java,1,32
D:\program\SC_Related\git_tag\atlas\repository\src\main\java\org\apache\atlas\repository\converters\AtlasClassificationFormatConverter.java,1,42
D:\program\SC_Related\git_tag\atlas\intg\src\main\java\org\apache\atlas\entitytransform\TransformationConstants.java,1,26
D:\program\SC_Related\git_tag\atlas\graphdb\common\src\main\java\org\apache\atlas\repository\graphdb\tinkerpop\query\expr\HasPredicate.java,1,21
D:\program\SC_Related\git_tag\atlas\addons\hbase-bridge\src\test\java\org\apache\atlas\hbase\HBaseAtlasHookIT.java,1,207
D:\program\SC_Related\git_tag\atlas\addons\sqoop-bridge-shim\src\main\java\org\apache\atlas\sqoop\hook\SqoopHook.java,1,60
D:\program\SC_Related\git_tag\atlas\intg\src\test\java\org\apache\atlas\model\typedef\TestAtlasEntityDef.java,1,87
D:\program\SC_Related\git_tag\atlas\client\client-v1\src\main\java\org\apache\atlas\CreateUpdateEntitiesResult.java,1,49
D:\program\SC_Related\git_tag\atlas\intg\src\test\java\org\apache\atlas\model\ModelTestUtil.java,1,351
D:\program\SC_Related\git_tag\atlas\repository\src\main\java\org\apache\atlas\query\QueryParams.java,1,39
D:\program\SC_Related\git_tag\atlas\webapp\src\main\java\org\apache\atlas\web\resources\MetadataDiscoveryResource.java,1,216
D:\program\SC_Related\git_tag\atlas\repository\src\main\java\org\apache\atlas\repository\impexp\ZipSource.java,1,231
D:\program\SC_Related\git_tag\atlas\webapp\src\test\java\org\apache\atlas\web\filters\ActiveServerFilterTest.java,1,156
D:\program\SC_Related\git_tag\atlas\intg\src\main\java\org\apache\atlas\v1\model\typedef\HierarchicalTypeDefinition.java,1,58
D:\program\SC_Related\git_tag\atlas\notification\src\test\java\org\apache\atlas\notification\AtlasNotificationMessageTest.java,38,30
D:\program\SC_Related\git_tag\atlas\webapp\src\main\java\org\apache\atlas\web\filters\SSOAuthentication.java,14,40
D:\program\SC_Related\git_tag\atlas\webapp\src\main\java\org\apache\atlas\web\security\PamPrincipal.java,30,54
D:\program\SC_Related\git_tag\atlas\repository\src\main\java\org\apache\atlas\repository\converters\AtlasInstanceConverter.java,1,326
D:\program\SC_Related\git_tag\atlas\notification\src\main\java\org\apache\atlas\notification\entity\EntityMessageDeserializer.java,38,24
D:\program\SC_Related\git_tag\atlas\repository\src\main\java\org\apache\atlas\repository\store\graph\AtlasEntityStore.java,1,48
D:\program\SC_Related\git_tag\atlas\repository\src\main\java\org\apache\atlas\GraphTransactionInterceptor.java,1,243
D:\program\SC_Related\git_tag\atlas\repository\src\main\java\org\apache\atlas\repository\audit\EntityAuditListenerV2.java,1,358
D:\program\SC_Related\git_tag\atlas\webapp\src\main\java\org\apache\atlas\web\filters\AtlasKnoxSSOAuthenticationFilter.java,1,448
D:\program\SC_Related\git_tag\atlas\repository\src\main\java\org\apache\atlas\repository\store\graph\v1\SoftDeleteHandlerV1.java,1,51
D:\program\SC_Related\git_tag\atlas\repository\src\main\java\org\apache\atlas\repository\store\graph\v1\DeleteHandlerV1.java,1,707
D:\program\SC_Related\git_tag\atlas\repository\src\main\java\org\apache\atlas\query\antlr4\AtlasDSLParserVisitor.java,1,42
D:\program\SC_Related\git_tag\atlas\addons\storm-bridge\src\test\java\org\apache\atlas\storm\hook\StormAtlasHookIT.java,7,62
D:\program\SC_Related\git_tag\atlas\webapp\src\main\java\org\apache\atlas\util\CredentialProviderUtility.java,1,101
D:\program\SC_Related\git_tag\atlas\server-api\src\main\java\org\apache\atlas\listener\TypesChangeListener.java,22,8
D:\program\SC_Related\git_tag\atlas\intg\src\main\java\org\apache\atlas\security\InMemoryJAASConfiguration.java,1,247
D:\program\SC_Related\git_tag\atlas\intg\src\test\java\org\apache\atlas\model\typedef\TestAtlasEnumDef.java,1,65
D:\program\SC_Related\git_tag\atlas\intg\src\test\java\org\apache\atlas\type\TestAtlasBooleanType.java,1,54
D:\program\SC_Related\git_tag\atlas\intg\src\main\java\org\apache\atlas\model\discovery\AtlasSearchResult.java,1,207
D:\program\SC_Related\git_tag\atlas\intg\src\main\java\org\apache\atlas\listener\TypeDefChangeListener.java,32,5
D:\program\SC_Related\git_tag\atlas\webapp\src\test\java\org\apache\atlas\web\security\SSLAndKerberosTest.java,1,137
D:\program\SC_Related\git_tag\atlas\graphdb\janus\src\main\java\org\apache\atlas\repository\graphdb\janus\graphson\AtlasGraphSONTokens.java,1,27
D:\program\SC_Related\git_tag\atlas\intg\src\main\java\org\apache\atlas\v1\model\typedef\TypesDef.java,1,77
D:\program\SC_Related\git_tag\atlas\addons\falcon-bridge\src\main\java\org\apache\atlas\falcon\hook\FalconHook.java,3,90
D:\program\SC_Related\git_tag\atlas\common\src\main\java\org\apache\atlas\ha\HAConfiguration.java,1,136
D:\program\SC_Related\git_tag\atlas\graphdb\api\src\main\java\org\apache\atlas\repository\graphdb\AtlasVertex.java,1,9
D:\program\SC_Related\git_tag\atlas\repository\src\main\java\org\apache\atlas\discovery\ClassificationSearchProcessor.java,1,251
D:\program\SC_Related\git_tag\atlas\addons\sqoop-bridge\src\main\java\org\apache\atlas\sqoop\hook\SqoopHook.java,7,171
D:\program\SC_Related\git_tag\atlas\intg\src\main\java\org\apache\atlas\utils\AuthenticationUtil.java,1,61
D:\program\SC_Related\git_tag\atlas\graphdb\janus\src\main\java\org\apache\atlas\repository\graphdb\janus\AtlasJanusEdge.java,5,25
D:\program\SC_Related\git_tag\atlas\common\src\main\java\org\apache\atlas\groovy\GroovyExpression.java,16,9
D:\program\SC_Related\git_tag\atlas\webapp\src\test\java\org\apache\atlas\web\resources\AdminResourceTest.java,1,41
D:\program\SC_Related\git_tag\atlas\graphdb\janus\src\test\java\org\apache\atlas\repository\graphdb\janus\GraphQueryTest.java,1,302
D:\program\SC_Related\git_tag\atlas\repository\src\main\java\org\apache\atlas\repository\impexp\ImportTransformer.java,1,309
D:\program\SC_Related\git_tag\atlas\graphdb\janus\src\main\java\org\apache\atlas\repository\graphdb\janus\AtlasJanusElement.java,1,173
D:\program\SC_Related\git_tag\atlas\addons\sqoop-bridge\src\main\java\org\apache\atlas\sqoop\model\SqoopDataTypes.java,7,9
D:\program\SC_Related\git_tag\atlas\common\src\main\java\org\apache\atlas\annotation\GraphTransaction.java,37,9
D:\program\SC_Related\git_tag\atlas\repository\src\main\java\org\apache\atlas\repository\impexp\AuditsWriter.java,1,141
D:\program\SC_Related\git_tag\atlas\intg\src\main\java\org\apache\atlas\entitytransform\BaseEntityHandler.java,1,135
D:\program\SC_Related\git_tag\atlas\repository\src\test\java\org\apache\atlas\repository\impexp\TypeAttributeDifferenceTest.java,1,114
D:\program\SC_Related\git_tag\atlas\repository\src\main\java\org\apache\atlas\repository\graph\GraphBackedSearchIndexer.java,1,582
D:\program\SC_Related\git_tag\atlas\repository\src\main\java\org\apache\atlas\repository\store\graph\AtlasTypeDefGraphStore.java,1,816
D:\program\SC_Related\git_tag\atlas\repository\src\test\java\org\apache\atlas\repository\store\graph\v2\AtlasRelationshipStoreHardDeleteV2Test.java,1,69
D:\program\SC_Related\git_tag\atlas\intg\src\main\java\org\apache\atlas\model\typedef\AtlasBaseTypeDef.java,1,337
D:\program\SC_Related\git_tag\atlas\repository\src\main\java\org\apache\atlas\repository\converters\AtlasMapFormatConverter.java,1,102
D:\program\SC_Related\git_tag\atlas\repository\src\main\java\org\apache\atlas\repository\audit\EntityAuditListener.java,1,320
D:\program\SC_Related\git_tag\atlas\webapp\src\main\java\org\apache\atlas\examples\QuickStartV2.java,1,442
D:\program\SC_Related\git_tag\atlas\webapp\src\main\java\org\apache\atlas\web\filters\NullServletContext.java,1,175
D:\program\SC_Related\git_tag\atlas\repository\src\test\java\org\apache\atlas\repository\impexp\ImportTransformsTest.java,1,226
D:\program\SC_Related\git_tag\atlas\addons\storm-bridge\src\main\java\org\apache\atlas\storm\model\StormDataTypes.java,7,14
D:\program\SC_Related\git_tag\atlas\graphdb\janus\src\main\java\org\apache\atlas\repository\graphdb\janus\AtlasJanusGraphManagement.java,1,175
D:\program\SC_Related\git_tag\atlas\repository\src\test\java\org\apache\atlas\glossary\GlossaryServiceTest.java,1,751
D:\program\SC_Related\git_tag\atlas\graphdb\janus\src\test\java\org\apache\atlas\repository\graphdb\janus\migration\BaseUtils.java,1,131
D:\program\SC_Related\git_tag\atlas\intg\src\main\java\org\apache\atlas\model\legacy\EntityResult.java,1,63
D:\program\SC_Related\git_tag\atlas\intg\src\main\java\org\apache\atlas\v1\model\instance\AtlasSystemAttributes.java,1,108
D:\program\SC_Related\git_tag\atlas\intg\src\main\java\org\apache\atlas\model\glossary\enums\AtlasTermRelationshipStatus.java,13,16
D:\program\SC_Related\git_tag\atlas\graphdb\janus\src\test\java\org\apache\atlas\repository\graphdb\janus\AbstractGraphDatabaseTest.java,5,127
D:\program\SC_Related\git_tag\atlas\notification\src\test\java\org\apache\atlas\notification\MessageVersionTest.java,38,83
D:\program\SC_Related\git_tag\atlas\repository\src\test\java\org\apache\atlas\repository\store\graph\v2\AtlasEntityTestBase.java,1,186
D:\program\SC_Related\git_tag\atlas\intg\src\main\java\org\apache\atlas\v1\model\typedef\Multiplicity.java,4,123
D:\program\SC_Related\git_tag\atlas\webapp\src\main\java\org\apache\atlas\web\params\DateTimeParam.java,34,13
D:\program\SC_Related\git_tag\atlas\graphdb\janus\src\test\java\org\apache\atlas\repository\graphdb\janus\JanusGraphProviderTest.java,1,51
D:\program\SC_Related\git_tag\atlas\webapp\src\test\java\org\apache\atlas\web\integration\EntityLineageJerseyResourceIT.java,1,126
D:\program\SC_Related\git_tag\atlas\addons\kafka-bridge\src\test\java\org\apache\atlas\kafka\bridge\KafkaBridgeTest.java,1,88
D:\program\SC_Related\git_tag\atlas\intg\src\main\java\org\apache\atlas\model\TypeCategory.java,1,4
D:\program\SC_Related\git_tag\atlas\webapp\src\test\java\org\apache\atlas\web\integration\BaseResourceIT.java,1,529
D:\program\SC_Related\git_tag\atlas\intg\src\main\java\org\apache\atlas\store\DeleteType.java,27,20
D:\program\SC_Related\git_tag\atlas\intg\src\main\java\org\apache\atlas\store\AtlasTypeDefStore.java,1,44
D:\program\SC_Related\git_tag\atlas\intg\src\main\java\org\apache\atlas\v1\model\typedef\EnumTypeDefinition.java,1,118
D:\program\SC_Related\git_tag\atlas\repository\src\main\java\org\apache\atlas\repository\impexp\ImportTransformsShaper.java,1,74
D:\program\SC_Related\git_tag\atlas\intg\src\main\java\org\apache\atlas\v1\model\notification\HookNotificationV1.java,1,255
D:\program\SC_Related\git_tag\atlas\repository\src\main\java\org\apache\atlas\util\IndexedInstance.java,5,30
D:\program\SC_Related\git_tag\atlas\client\common\src\main\java\org\apache\atlas\ResourceCreator.java,15,6
D:\program\SC_Related\git_tag\atlas\repository\src\test\java\org\apache\atlas\repository\impexp\AtlasServerServiceTest.java,1,78
D:\program\SC_Related\git_tag\atlas\intg\src\main\java\org\apache\atlas\v1\model\typedef\ClassTypeDefinition.java,1,30
D:\program\SC_Related\git_tag\atlas\addons\falcon-bridge\src\main\java\org\apache\atlas\falcon\Util\EventUtil.java,3,30
D:\program\SC_Related\git_tag\atlas\repository\src\test\java\org\apache\atlas\repository\impexp\ReplicationEntityAttributeTest.java,1,153
D:\program\SC_Related\git_tag\atlas\intg\src\main\java\org\apache\atlas\type\AtlasStructType.java,1,691
D:\program\SC_Related\git_tag\atlas\intg\src\main\java\org\apache\atlas\model\instance\AtlasEntityHeaders.java,1,29
D:\program\SC_Related\git_tag\atlas\common\src\main\java\org\apache\atlas\annotation\AtlasService.java,37,13
D:\program\SC_Related\git_tag\atlas\repository\src\test\java\org\apache\atlas\repository\audit\CassandraAuditRepositoryTest.java,6,62
D:\program\SC_Related\git_tag\atlas\intg\src\main\java\org\apache\atlas\model\instance\AtlasStruct.java,1,207
D:\program\SC_Related\git_tag\atlas\intg\src\test\java\org\apache\atlas\model\typedef\TestAtlasClassificationDef.java,1,57
D:\program\SC_Related\git_tag\atlas\graphdb\janus\src\main\java\org\apache\atlas\repository\graphdb\janus\migration\ElementProcessors.java,1,335
D:\program\SC_Related\git_tag\atlas\intg\src\test\java\org\apache\atlas\security\InMemoryJAASConfigurationTest.java,1,49
D:\program\SC_Related\git_tag\atlas\addons\hbase-bridge\src\main\java\org\apache\atlas\hbase\model\HBaseDataTypes.java,28,10
D:\program\SC_Related\git_tag\atlas\repository\src\main\java\org\apache\atlas\repository\store\graph\v2\AtlasEntityStream.java,1,58
D:\program\SC_Related\git_tag\atlas\graphdb\api\src\main\java\org\apache\atlas\repository\graphdb\AtlasSchemaViolationException.java,8,6
D:\program\SC_Related\git_tag\atlas\graphdb\janus\src\main\java\org\apache\atlas\repository\graphdb\janus\migration\TypesDefScrubber.java,1,145
D:\program\SC_Related\git_tag\atlas\addons\storm-bridge\src\test\java\org\apache\atlas\storm\hook\StormTestUtil.java,7,40
D:\program\SC_Related\git_tag\atlas\graphdb\janus\src\main\java\org\apache\atlas\repository\graphdb\janus\migration\ReaderStatusManager.java,1,107
D:\program\SC_Related\git_tag\atlas\addons\hive-bridge\src\main\java\org\apache\atlas\hive\hook\HiveHook.java,1,294
D:\program\SC_Related\git_tag\atlas\addons\hive-bridge\src\main\java\org\apache\atlas\hive\hook\events\AlterTableRename.java,1,115
D:\program\SC_Related\git_tag\atlas\webapp\src\main\java\org\apache\atlas\web\security\PamLoginModule.java,1,171
D:\program\SC_Related\git_tag\atlas\addons\hive-bridge\src\test\java\org\apache\atlas\hive\bridge\HiveMetaStoreBridgeTest.java,1,236
D:\program\SC_Related\git_tag\atlas\repository\src\test\java\org\apache\atlas\repository\migration\TypesWithClassificationTest.java,1,34
D:\program\SC_Related\git_tag\atlas\graphdb\janus\src\main\java\org\apache\atlas\repository\graphdb\janus\GraphDbObjectFactory.java,5,55
D:\program\SC_Related\git_tag\atlas\webapp\src\test\java\org\apache\atlas\web\service\CuratorFactoryTest.java,1,77
D:\program\SC_Related\git_tag\atlas\intg\src\test\java\org\apache\atlas\model\instance\TestAtlasEntity.java,1,49
D:\program\SC_Related\git_tag\atlas\repository\src\test\java\org\apache\atlas\repository\audit\AuditRepositoryTestBase.java,1,116
D:\program\SC_Related\git_tag\atlas\webapp\src\main\java\org\apache\atlas\web\resources\TypesResource.java,1,221
D:\program\SC_Related\git_tag\atlas\common\src\main\java\org\apache\atlas\groovy\TernaryOperatorExpression.java,16,42
D:\program\SC_Related\git_tag\atlas\plugin-classloader\src\main\java\org\apache\atlas\plugin\classloader\AtlasPluginClassLoader.java,1,246
D:\program\SC_Related\git_tag\atlas\common\src\main\java\org\apache\atlas\groovy\ComparisonExpression.java,16,39
D:\program\SC_Related\git_tag\atlas\addons\hive-bridge\src\main\java\org\apache\atlas\hive\model\HiveDataTypes.java,23,23
D:\program\SC_Related\git_tag\atlas\notification\src\test\java\org\apache\atlas\notification\SplitMessageAggregatorTest.java,38,42
D:\program\SC_Related\git_tag\atlas\webapp\src\test\java\org\apache\atlas\web\service\ServiceStateTest.java,1,39
D:\program\SC_Related\git_tag\atlas\addons\hive-bridge\src\main\java\org\apache\atlas\hive\bridge\HiveMetaStoreBridge.java,1,653
D:\program\SC_Related\git_tag\atlas\graphdb\janus\src\main\java\org\janusgraph\diskstorage\solr\Solr6Index.java,1,1004
D:\program\SC_Related\git_tag\atlas\webapp\src\main\java\org\apache\atlas\web\resources\DataSetLineageResource.java,1,162
D:\program\SC_Related\git_tag\atlas\common\src\main\java\org\apache\atlas\CommonConfiguration.java,1,18
D:\program\SC_Related\git_tag\atlas\repository\src\main\java\org\apache\atlas\repository\ogm\glossary\AtlasGlossaryTermDTO.java,1,202
D:\program\SC_Related\git_tag\atlas\repository\src\test\java\org\apache\atlas\repository\tagpropagation\ClassificationPropagationTest.java,1,501
D:\program\SC_Related\git_tag\atlas\webapp\src\test\java\org\apache\atlas\web\integration\TypesJerseyResourceIT.java,1,202
D:\program\SC_Related\git_tag\atlas\repository\src\test\java\org\apache\atlas\repository\migration\MigrationProgressServiceTest.java,1,91
D:\program\SC_Related\git_tag\atlas\repository\src\main\java\org\apache\atlas\repository\store\graph\v2\AtlasClassificationDefStoreV2.java,1,244
D:\program\SC_Related\git_tag\atlas\webapp\src\main\java\org\apache\atlas\web\resources\AdminResource.java,1,461
D:\program\SC_Related\git_tag\atlas\graphdb\api\src\main\java\org\apache\atlas\repository\graphdb\GremlinVersion.java,11,5
D:\program\SC_Related\git_tag\atlas\notification\src\main\java\org\apache\atlas\notification\NotificationConsumer.java,36,11
D:\program\SC_Related\git_tag\atlas\addons\falcon-bridge\src\main\java\org\apache\atlas\falcon\service\AtlasService.java,3,70
D:\program\SC_Related\git_tag\atlas\webapp\src\main\java\org\apache\atlas\web\filters\AuditFilter.java,1,144
D:\program\SC_Related\git_tag\atlas\repository\src\main\java\org\apache\atlas\repository\impexp\ZipExportFileNames.java,31,14
D:\program\SC_Related\git_tag\atlas\webapp\src\main\java\org\apache\atlas\web\util\LineageUtils.java,1,86
D:\program\SC_Related\git_tag\atlas\notification\src\test\java\org\apache\atlas\notification\hook\HookNotificationDeserializerTest.java,38,102
D:\program\SC_Related\git_tag\atlas\intg\src\main\java\org\apache\atlas\model\impexp\AtlasImportRequest.java,1,88
D:\program\SC_Related\git_tag\atlas\webapp\src\main\java\org\apache\atlas\web\setup\SetupSteps.java,1,158
D:\program\SC_Related\git_tag\atlas\repository\src\main\java\org\apache\atlas\util\AttributeValueMap.java,5,26
D:\program\SC_Related\git_tag\atlas\graphdb\janus\src\main\java\org\apache\atlas\repository\graphdb\janus\AtlasJanusGraph.java,1,363
D:\program\SC_Related\git_tag\atlas\graphdb\janus\src\main\java\org\apache\atlas\repository\graphdb\janus\serializer\BigIntegerSerializer.java,10,19
D:\program\SC_Related\git_tag\atlas\repository\src\main\java\org\apache\atlas\query\GremlinQuery.java,9,15
D:\program\SC_Related\git_tag\atlas\webapp\src\test\java\org\apache\atlas\examples\QuickStartIT.java,1,105
D:\program\SC_Related\git_tag\atlas\webapp\src\main\java\org\apache\atlas\web\errors\ExceptionMapperUtil.java,8,17
D:\program\SC_Related\git_tag\atlas\repository\src\main\java\org\apache\atlas\repository\store\graph\v2\AtlasEntityStoreV2.java,1,782
D:\program\SC_Related\git_tag\atlas\webapp\src\main\java\org\apache\atlas\web\service\UserService.java,14,20
D:\program\SC_Related\git_tag\atlas\repository\src\main\java\org\apache\atlas\glossary\GlossaryService.java,1,800
D:\program\SC_Related\git_tag\atlas\repository\src\main\java\org\apache\atlas\repository\store\bootstrap\AtlasTypeDefStoreInitializer.java,1,664
D:\program\SC_Related\git_tag\atlas\graphdb\janus\src\main\java\org\apache\atlas\repository\graphdb\janus\migration\AtlasGraphSONReader.java,1,226
D:\program\SC_Related\git_tag\atlas\notification\src\test\java\org\apache\atlas\notification\hook\HookNotificationTest.java,1,211
D:\program\SC_Related\git_tag\atlas\webapp\src\main\java\org\apache\atlas\web\errors\AtlasBaseExceptionMapper.java,1,37
D:\program\SC_Related\git_tag\atlas\intg\src\test\java\org\apache\atlas\entitytransform\TransformationHandlerTest.java,1,449
D:\program\SC_Related\git_tag\atlas\intg\src\main\java\org\apache\atlas\v1\model\typedef\AttributeDefinition.java,4,140
D:\program\SC_Related\git_tag\atlas\common\src\main\java\org\apache\atlas\groovy\GroovyGenerationContext.java,16,34
D:\program\SC_Related\git_tag\atlas\repository\src\test\java\org\apache\atlas\repository\store\graph\v2\AtlasRelationshipStoreSoftDeleteV2Test.java,1,69
D:\program\SC_Related\git_tag\atlas\intg\src\test\java\org\apache\atlas\type\TestAtlasDateType.java,1,88
D:\program\SC_Related\git_tag\atlas\repository\src\main\java\org\apache\atlas\query\RegistryBasedLookup.java,1,207
D:\program\SC_Related\git_tag\atlas\addons\hbase-bridge\src\main\java\org\apache\atlas\hbase\bridge\HBaseBridge.java,1,509
D:\program\SC_Related\git_tag\atlas\graphdb\janus\src\main\java\org\apache\atlas\repository\graphdb\janus\migration\GraphSONTokensTP2.java,1,31
D:\program\SC_Related\git_tag\atlas\intg\src\test\java\org\apache\atlas\type\TestAtlasIntType.java,1,74
D:\program\SC_Related\git_tag\atlas\intg\src\main\java\org\apache\atlas\model\typedef\AtlasEnumDef.java,1,270
D:\program\SC_Related\git_tag\atlas\authorization\src\main\java\org\apache\atlas\authorize\AtlasAuthorizationException.java,14,17
D:\program\SC_Related\git_tag\atlas\intg\src\main\java\org\apache\atlas\model\audit\EntityAuditEventV2.java,1,180
D:\program\SC_Related\git_tag\atlas\graphdb\api\src\main\java\org\apache\atlas\repository\graphdb\AtlasGraphManagement.java,1,21
D:\program\SC_Related\git_tag\atlas\repository\src\main\java\org\apache\atlas\repository\store\graph\v2\AtlasEntityGraphDiscoveryV2.java,1,281
D:\program\SC_Related\git_tag\atlas\webapp\src\test\java\org\apache\atlas\web\security\NegativeSSLAndKerberosTest.java,1,93
